commons-codec,fea1da48fef9e28026704e9cadaeba3e0ecbf6dd,c7a5a6afd5d2f7d8c3d518ca625b7d8a1445934a,org.apache.commons.codec.language.DoubleMetaphoneTest,testIsDoubleMetaphoneEqualExtended3,8
commons-codec,f207e1439536afd5099c142ee43f070a0bd43d42,1e48e151ea23f8891902834a4553a806c1312d60,org.apache.commons.codec.digest.HmacUtilsTest,testInitializedMacNullAlgo,9
commons-codec,c82fe35c48bd0082c16644d16d82d1be79d6b9d1,2ae03e1633ec0a79761b215e8eae2574106bec99,org.apache.commons.codec.binary.Base32Test,testBase32Chunked,10
commons-codec,c82fe35c48bd0082c16644d16d82d1be79d6b9d1,2ae03e1633ec0a79761b215e8eae2574106bec99,org.apache.commons.codec.binary.Base32Test,testBase32HexSamples,10
commons-codec,c82fe35c48bd0082c16644d16d82d1be79d6b9d1,2ae03e1633ec0a79761b215e8eae2574106bec99,org.apache.commons.codec.binary.Base32Test,testBase32Samples,10
commons-codec,c82fe35c48bd0082c16644d16d82d1be79d6b9d1,2ae03e1633ec0a79761b215e8eae2574106bec99,org.apache.commons.codec.binary.Base32Test,testBase32SamplesNonDefaultPadding,10
commons-codec,c82fe35c48bd0082c16644d16d82d1be79d6b9d1,2ae03e1633ec0a79761b215e8eae2574106bec99,org.apache.commons.codec.binary.Base64Test,testCodeInteger1,10
commons-codec,c82fe35c48bd0082c16644d16d82d1be79d6b9d1,2ae03e1633ec0a79761b215e8eae2574106bec99,org.apache.commons.codec.binary.Base64Test,testCodeInteger2,10
commons-codec,c82fe35c48bd0082c16644d16d82d1be79d6b9d1,2ae03e1633ec0a79761b215e8eae2574106bec99,org.apache.commons.codec.binary.Base64Test,testCodeInteger3,10
commons-codec,c82fe35c48bd0082c16644d16d82d1be79d6b9d1,2ae03e1633ec0a79761b215e8eae2574106bec99,org.apache.commons.codec.binary.Base64Test,testCodeInteger4,10
commons-codec,c82fe35c48bd0082c16644d16d82d1be79d6b9d1,2ae03e1633ec0a79761b215e8eae2574106bec99,org.apache.commons.codec.binary.Base64Test,testDecodePadMarkerIndex2,10
commons-codec,c82fe35c48bd0082c16644d16d82d1be79d6b9d1,2ae03e1633ec0a79761b215e8eae2574106bec99,org.apache.commons.codec.binary.Base64Test,testDecodePadMarkerIndex3,10
commons-codec,c82fe35c48bd0082c16644d16d82d1be79d6b9d1,2ae03e1633ec0a79761b215e8eae2574106bec99,org.apache.commons.codec.binary.Base64Test,testDecodePadOnly,10
commons-codec,c82fe35c48bd0082c16644d16d82d1be79d6b9d1,2ae03e1633ec0a79761b215e8eae2574106bec99,org.apache.commons.codec.binary.Base64Test,testDecodePadOnlyChunked,10
commons-codec,c82fe35c48bd0082c16644d16d82d1be79d6b9d1,2ae03e1633ec0a79761b215e8eae2574106bec99,org.apache.commons.codec.binary.Base64Test,testDecodeWithWhitespace,10
commons-codec,c82fe35c48bd0082c16644d16d82d1be79d6b9d1,2ae03e1633ec0a79761b215e8eae2574106bec99,org.apache.commons.codec.binary.Base64Test,testIgnoringNonBase64InDecode,10
commons-codec,c82fe35c48bd0082c16644d16d82d1be79d6b9d1,2ae03e1633ec0a79761b215e8eae2574106bec99,org.apache.commons.codec.binary.Base64Test,testKnownDecodings,10
commons-codec,c82fe35c48bd0082c16644d16d82d1be79d6b9d1,2ae03e1633ec0a79761b215e8eae2574106bec99,org.apache.commons.codec.binary.Base64Test,testKnownEncodings,10
commons-codec,c82fe35c48bd0082c16644d16d82d1be79d6b9d1,2ae03e1633ec0a79761b215e8eae2574106bec99,org.apache.commons.codec.binary.Base64Test,testObjectDecodeWithValidParameter,10
commons-codec,c82fe35c48bd0082c16644d16d82d1be79d6b9d1,2ae03e1633ec0a79761b215e8eae2574106bec99,org.apache.commons.codec.binary.Base64Test,testObjectEncode,10
commons-codec,c82fe35c48bd0082c16644d16d82d1be79d6b9d1,2ae03e1633ec0a79761b215e8eae2574106bec99,org.apache.commons.codec.binary.Base64Test,testObjectEncodeWithValidParameter,10
commons-codec,c82fe35c48bd0082c16644d16d82d1be79d6b9d1,2ae03e1633ec0a79761b215e8eae2574106bec99,org.apache.commons.codec.binary.BinaryCodecTest,testDecodeByteArray,10
commons-codec,c82fe35c48bd0082c16644d16d82d1be79d6b9d1,2ae03e1633ec0a79761b215e8eae2574106bec99,org.apache.commons.codec.binary.BinaryCodecTest,testFromAsciiByteArray,10
commons-collections,2edb7a20f3856723fc715f7c72e10e72ea7df385,9843210e5755d2584efd3496d59e50e721187842,org.apache.commons.collections4.set.TransformedSortedSetTest,testTransformedSet_decorateTransform,11
commons-collections,d684f950c4a29d10097590cbe4346ad6e82e5e25,d4fbeefc52919ce6a50a95e80eca04492d1734a8,org.apache.commons.collections4.ClosureUtilsTest,testSingletonPatternInSerialization,12
commons-collections,d684f950c4a29d10097590cbe4346ad6e82e5e25,d4fbeefc52919ce6a50a95e80eca04492d1734a8,org.apache.commons.collections4.ListUtilsTest,testIntersectListWithNoOverlapAndDifferentTypes,12
commons-collections,d684f950c4a29d10097590cbe4346ad6e82e5e25,d4fbeefc52919ce6a50a95e80eca04492d1734a8,org.apache.commons.collections4.ListUtilsTest,testIntersectListWithSelf,12
commons-collections,d684f950c4a29d10097590cbe4346ad6e82e5e25,d4fbeefc52919ce6a50a95e80eca04492d1734a8,org.apache.commons.collections4.ListUtilsTest,testIntersectNonEmptySubset,12
commons-compress,9045ef9367f390434eb7b4b0e16a92413ef6c304,18dcf384371013df8b79da55e258bb5ddbb4d5f0,org.apache.commons.compress.archivers.zip.ScatterZipOutputStreamTest,putArchiveEntry,13
commons-compress,a0aec901f411b4bc26734745297b7651d7e6b9a2,6b12eab8ef3255eed66d2e382411e973883f608a,org.apache.commons.compress.compressors.brotli.BrotliCompressorInputStreamTest,testBrotliDecode,14
commons-compress,6fe9ae88052b89dbf67468776a725b0dac57422a,496691bfd82374f1c1bfee8719309343c2fa878d,org.apache.commons.compress.utils.ChecksumCalculatingInputStreamTest,testReadTakingByteArray,15
commons-compress,6fe9ae88052b89dbf67468776a725b0dac57422a,496691bfd82374f1c1bfee8719309343c2fa878d,org.apache.commons.compress.utils.ChecksumCalculatingInputStreamTest,testReadTakingNoArguments,15
commons-compress,6fe9ae88052b89dbf67468776a725b0dac57422a,496691bfd82374f1c1bfee8719309343c2fa878d,org.apache.commons.compress.utils.ChecksumCalculatingInputStreamTest,testSkipReturningPositive,15
commons-compress,6fe9ae88052b89dbf67468776a725b0dac57422a,496691bfd82374f1c1bfee8719309343c2fa878d,org.apache.commons.compress.utils.ChecksumCalculatingInputStreamTest,testSkipReturningZero,15
commons-compress,6fe9ae88052b89dbf67468776a725b0dac57422a,496691bfd82374f1c1bfee8719309343c2fa878d,org.apache.commons.compress.utils.ChecksumVerifyingInputStreamTest,testReadTakingByteArrayThrowsIOException,15
commons-dbutils,8ac3388e94486a0b260553805a1304312fd0be34,756c9b0c42e94119557e5ca418b94090d20541aa,org.apache.commons.dbutils.BasicRowProcessorTest,testToArray,16
commons-dbutils,8ac3388e94486a0b260553805a1304312fd0be34,756c9b0c42e94119557e5ca418b94090d20541aa,org.apache.commons.dbutils.handlers.ArrayHandlerTest,testHandle,16
commons-dbutils,8ac3388e94486a0b260553805a1304312fd0be34,756c9b0c42e94119557e5ca418b94090d20541aa,org.apache.commons.dbutils.handlers.ArrayListHandlerTest,testHandle,16
commons-dbutils,8ac3388e94486a0b260553805a1304312fd0be34,756c9b0c42e94119557e5ca418b94090d20541aa,org.apache.commons.dbutils.ResultSetIteratorTest,testNext,16
commons-email,c06c4650cb98a153988548990c73e66a1a85e56e,c225dac67d7ed3e7b3d22172f9e0d8f7b6207f2f,org.apache.commons.mail.EmailLiveTest,testHtmlMailMimeLayout,16
commons-email,cbd2714e7519cf3dd3ac7326d1a02c0785ddf23c,1a0649d7fa16d177131e4b71eab93cc99594b4ad,org.apache.commons.mail.EmailLiveTest,testPartialSend,16
commons-email,aa697eee5bfc971767c205ae13cacdc467187dea,675a5c0e5647316cd46978d586562388dd3b6fca,org.apache.commons.mail.EmailLiveTest,testCorrectCharacterEncoding,17
commons-email,4d00748afd0eb00cc1bca912f8dcb0292143017e,f6de5894b65de9ab6281e61254aca9fc7e981416,org.apache.commons.mail.SimpleEmailTest,testSend,18
commons-email,080058ef8a59f5e30fb7e12ac788a343f0819a1a,1d3b92e9e8960fd823e2b5cd28aaf0c52f8aeef0,org.apache.commons.mail.EmailTest,testAddBcc,15
commons-email,080058ef8a59f5e30fb7e12ac788a343f0819a1a,1d3b92e9e8960fd823e2b5cd28aaf0c52f8aeef0,org.apache.commons.mail.EmailTest,testAddBcc2,15
commons-email,080058ef8a59f5e30fb7e12ac788a343f0819a1a,1d3b92e9e8960fd823e2b5cd28aaf0c52f8aeef0,org.apache.commons.mail.EmailTest,testAddBccArray,15
commons-email,080058ef8a59f5e30fb7e12ac788a343f0819a1a,1d3b92e9e8960fd823e2b5cd28aaf0c52f8aeef0,org.apache.commons.mail.EmailTest,testAddBccWithEncoding,15
commons-email,080058ef8a59f5e30fb7e12ac788a343f0819a1a,1d3b92e9e8960fd823e2b5cd28aaf0c52f8aeef0,org.apache.commons.mail.EmailTest,testAddCc,15
commons-email,080058ef8a59f5e30fb7e12ac788a343f0819a1a,1d3b92e9e8960fd823e2b5cd28aaf0c52f8aeef0,org.apache.commons.mail.EmailTest,testAddCc2,15
commons-email,080058ef8a59f5e30fb7e12ac788a343f0819a1a,1d3b92e9e8960fd823e2b5cd28aaf0c52f8aeef0,org.apache.commons.mail.EmailTest,testAddCcArray,15
commons-email,080058ef8a59f5e30fb7e12ac788a343f0819a1a,1d3b92e9e8960fd823e2b5cd28aaf0c52f8aeef0,org.apache.commons.mail.EmailTest,testAddCcWithEncoding,15
commons-email,080058ef8a59f5e30fb7e12ac788a343f0819a1a,1d3b92e9e8960fd823e2b5cd28aaf0c52f8aeef0,org.apache.commons.mail.EmailTest,testAddReplyTo,15
commons-email,080058ef8a59f5e30fb7e12ac788a343f0819a1a,1d3b92e9e8960fd823e2b5cd28aaf0c52f8aeef0,org.apache.commons.mail.EmailTest,testAddReplyTo2,15
commons-email,080058ef8a59f5e30fb7e12ac788a343f0819a1a,1d3b92e9e8960fd823e2b5cd28aaf0c52f8aeef0,org.apache.commons.mail.EmailTest,testAddReplyToWithEncoding,15
commons-email,080058ef8a59f5e30fb7e12ac788a343f0819a1a,1d3b92e9e8960fd823e2b5cd28aaf0c52f8aeef0,org.apache.commons.mail.EmailTest,testAddTo,15
commons-email,080058ef8a59f5e30fb7e12ac788a343f0819a1a,1d3b92e9e8960fd823e2b5cd28aaf0c52f8aeef0,org.apache.commons.mail.EmailTest,testAddTo2,15
commons-email,080058ef8a59f5e30fb7e12ac788a343f0819a1a,1d3b92e9e8960fd823e2b5cd28aaf0c52f8aeef0,org.apache.commons.mail.EmailTest,testAddToArray,15
commons-email,080058ef8a59f5e30fb7e12ac788a343f0819a1a,1d3b92e9e8960fd823e2b5cd28aaf0c52f8aeef0,org.apache.commons.mail.EmailTest,testAddToWithEncoding,15
commons-email,080058ef8a59f5e30fb7e12ac788a343f0819a1a,1d3b92e9e8960fd823e2b5cd28aaf0c52f8aeef0,org.apache.commons.mail.EmailTest,testSetFrom,15
commons-email,080058ef8a59f5e30fb7e12ac788a343f0819a1a,1d3b92e9e8960fd823e2b5cd28aaf0c52f8aeef0,org.apache.commons.mail.EmailTest,testSetFrom2,15
commons-email,a56ac51c8246b352b762295cccdec99c260c0c4a,698a5347661f3c4a102e1ebffd97c44a4ac7a6ac,org.apache.commons.mail.DefaultAuthenticatorTest,testDefaultAuthenticatorConstructor,15
commons-email,57e1c36ecf884501b4f3d0ec49741c8b62652b93,cbdd2b393218c7fbaec5da4bcf03a17a5ef4912e,org.apache.commons.mail.EmailTest,testGetSetAuthenticator,15
commons-email,4982e22131946845ecf3de868a0203cf4b8b6a8e,5c4f75beda72a60940be17289ca4ee758f8d482a,org.apache.commons.mail.EmailTest,testAddBcc,19
commons-email,4982e22131946845ecf3de868a0203cf4b8b6a8e,5c4f75beda72a60940be17289ca4ee758f8d482a,org.apache.commons.mail.EmailTest,testAddBcc2,19
commons-email,4982e22131946845ecf3de868a0203cf4b8b6a8e,5c4f75beda72a60940be17289ca4ee758f8d482a,org.apache.commons.mail.EmailTest,testAddBccArray,19
commons-email,4982e22131946845ecf3de868a0203cf4b8b6a8e,5c4f75beda72a60940be17289ca4ee758f8d482a,org.apache.commons.mail.EmailTest,testAddBccWithEncoding,19
commons-email,4982e22131946845ecf3de868a0203cf4b8b6a8e,5c4f75beda72a60940be17289ca4ee758f8d482a,org.apache.commons.mail.EmailTest,testAddCc,19
commons-email,4982e22131946845ecf3de868a0203cf4b8b6a8e,5c4f75beda72a60940be17289ca4ee758f8d482a,org.apache.commons.mail.EmailTest,testAddCc2,19
commons-email,4982e22131946845ecf3de868a0203cf4b8b6a8e,5c4f75beda72a60940be17289ca4ee758f8d482a,org.apache.commons.mail.EmailTest,testAddCcArray,19
commons-email,4982e22131946845ecf3de868a0203cf4b8b6a8e,5c4f75beda72a60940be17289ca4ee758f8d482a,org.apache.commons.mail.EmailTest,testAddCcWithEncoding,19
commons-email,4982e22131946845ecf3de868a0203cf4b8b6a8e,5c4f75beda72a60940be17289ca4ee758f8d482a,org.apache.commons.mail.EmailTest,testAddReplyTo,19
commons-email,4982e22131946845ecf3de868a0203cf4b8b6a8e,5c4f75beda72a60940be17289ca4ee758f8d482a,org.apache.commons.mail.EmailTest,testAddReplyTo2,19
commons-email,4982e22131946845ecf3de868a0203cf4b8b6a8e,5c4f75beda72a60940be17289ca4ee758f8d482a,org.apache.commons.mail.EmailTest,testAddReplyToWithEncoding,19
commons-email,4982e22131946845ecf3de868a0203cf4b8b6a8e,5c4f75beda72a60940be17289ca4ee758f8d482a,org.apache.commons.mail.EmailTest,testAddTo,19
commons-email,4982e22131946845ecf3de868a0203cf4b8b6a8e,5c4f75beda72a60940be17289ca4ee758f8d482a,org.apache.commons.mail.EmailTest,testAddTo2,19
commons-email,4982e22131946845ecf3de868a0203cf4b8b6a8e,5c4f75beda72a60940be17289ca4ee758f8d482a,org.apache.commons.mail.EmailTest,testAddToArray,19
commons-email,4982e22131946845ecf3de868a0203cf4b8b6a8e,5c4f75beda72a60940be17289ca4ee758f8d482a,org.apache.commons.mail.EmailTest,testAddToWithEncoding,19
commons-email,4982e22131946845ecf3de868a0203cf4b8b6a8e,5c4f75beda72a60940be17289ca4ee758f8d482a,org.apache.commons.mail.EmailTest,testSetBcc,19
commons-email,4982e22131946845ecf3de868a0203cf4b8b6a8e,5c4f75beda72a60940be17289ca4ee758f8d482a,org.apache.commons.mail.EmailTest,testSetCc,19
commons-email,4982e22131946845ecf3de868a0203cf4b8b6a8e,5c4f75beda72a60940be17289ca4ee758f8d482a,org.apache.commons.mail.EmailTest,testSetTo,19
commons-email,4982e22131946845ecf3de868a0203cf4b8b6a8e,5c4f75beda72a60940be17289ca4ee758f8d482a,org.apache.commons.mail.EmailTest,testToInternetAddressArray,19
commons-email,0ec9fc64a48400c82df17d5228f34a26a68af7dc,4d00748afd0eb00cc1bca912f8dcb0292143017e,org.apache.commons.mail.MultiPartEmailTest,testGetContainer,18
commons-email,6580a0b43b1ec8cbc4986b1efe7a9fd1b74d34d5,a54e5d7387495d09521aedc26e5a72d9cbdad7a5,org.apache.commons.mail.DefaultAuthenticatorTest,testDefaultAuthenticatorConstructor,12
commons-email,6580a0b43b1ec8cbc4986b1efe7a9fd1b74d34d5,a54e5d7387495d09521aedc26e5a72d9cbdad7a5,org.apache.commons.mail.EmailAttachmentTest,testGetSetDescription,12
commons-email,6580a0b43b1ec8cbc4986b1efe7a9fd1b74d34d5,a54e5d7387495d09521aedc26e5a72d9cbdad7a5,org.apache.commons.mail.EmailAttachmentTest,testGetSetDisposition,12
commons-email,6580a0b43b1ec8cbc4986b1efe7a9fd1b74d34d5,a54e5d7387495d09521aedc26e5a72d9cbdad7a5,org.apache.commons.mail.EmailAttachmentTest,testGetSetName,12
commons-email,6580a0b43b1ec8cbc4986b1efe7a9fd1b74d34d5,a54e5d7387495d09521aedc26e5a72d9cbdad7a5,org.apache.commons.mail.EmailAttachmentTest,testGetSetPath,12
commons-email,6580a0b43b1ec8cbc4986b1efe7a9fd1b74d34d5,a54e5d7387495d09521aedc26e5a72d9cbdad7a5,org.apache.commons.mail.EmailAttachmentTest,testGetSetURL,12
commons-email,6580a0b43b1ec8cbc4986b1efe7a9fd1b74d34d5,a54e5d7387495d09521aedc26e5a72d9cbdad7a5,org.apache.commons.mail.EmailTest,testAddHeader,12
commons-email,6580a0b43b1ec8cbc4986b1efe7a9fd1b74d34d5,a54e5d7387495d09521aedc26e5a72d9cbdad7a5,org.apache.commons.mail.EmailTest,testAddHeaderEx,12
commons-email,6580a0b43b1ec8cbc4986b1efe7a9fd1b74d34d5,a54e5d7387495d09521aedc26e5a72d9cbdad7a5,org.apache.commons.mail.EmailTest,testGetSetAuthentication,12
commons-email,6580a0b43b1ec8cbc4986b1efe7a9fd1b74d34d5,a54e5d7387495d09521aedc26e5a72d9cbdad7a5,org.apache.commons.mail.EmailTest,testGetSetAuthenticator,12
commons-email,6580a0b43b1ec8cbc4986b1efe7a9fd1b74d34d5,a54e5d7387495d09521aedc26e5a72d9cbdad7a5,org.apache.commons.mail.EmailTest,testGetSetCharset,12
commons-email,6580a0b43b1ec8cbc4986b1efe7a9fd1b74d34d5,a54e5d7387495d09521aedc26e5a72d9cbdad7a5,org.apache.commons.mail.EmailTest,testGetSetDebug,12
commons-email,6580a0b43b1ec8cbc4986b1efe7a9fd1b74d34d5,a54e5d7387495d09521aedc26e5a72d9cbdad7a5,org.apache.commons.mail.EmailTest,testGetSetHostName,12
commons-email,6580a0b43b1ec8cbc4986b1efe7a9fd1b74d34d5,a54e5d7387495d09521aedc26e5a72d9cbdad7a5,org.apache.commons.mail.EmailTest,testGetSetSentDate,12
commons-email,6580a0b43b1ec8cbc4986b1efe7a9fd1b74d34d5,a54e5d7387495d09521aedc26e5a72d9cbdad7a5,org.apache.commons.mail.EmailTest,testGetSetSession,12
commons-email,6580a0b43b1ec8cbc4986b1efe7a9fd1b74d34d5,a54e5d7387495d09521aedc26e5a72d9cbdad7a5,org.apache.commons.mail.EmailTest,testGetSetSmtpPort,12
commons-email,6580a0b43b1ec8cbc4986b1efe7a9fd1b74d34d5,a54e5d7387495d09521aedc26e5a72d9cbdad7a5,org.apache.commons.mail.EmailTest,testSendEx,12
commons-email,6580a0b43b1ec8cbc4986b1efe7a9fd1b74d34d5,a54e5d7387495d09521aedc26e5a72d9cbdad7a5,org.apache.commons.mail.EmailTest,testSetContentMimeMultipart,12
commons-email,6580a0b43b1ec8cbc4986b1efe7a9fd1b74d34d5,a54e5d7387495d09521aedc26e5a72d9cbdad7a5,org.apache.commons.mail.EmailTest,testSetContentObject,12
commons-email,6580a0b43b1ec8cbc4986b1efe7a9fd1b74d34d5,a54e5d7387495d09521aedc26e5a72d9cbdad7a5,org.apache.commons.mail.EmailTest,testSetFrom,12
commons-email,6580a0b43b1ec8cbc4986b1efe7a9fd1b74d34d5,a54e5d7387495d09521aedc26e5a72d9cbdad7a5,org.apache.commons.mail.EmailTest,testSetFrom2,12
commons-email,6580a0b43b1ec8cbc4986b1efe7a9fd1b74d34d5,a54e5d7387495d09521aedc26e5a72d9cbdad7a5,org.apache.commons.mail.EmailTest,testSetFromWithEncoding,12
commons-email,6580a0b43b1ec8cbc4986b1efe7a9fd1b74d34d5,a54e5d7387495d09521aedc26e5a72d9cbdad7a5,org.apache.commons.mail.EmailTest,testSetHeaders,12
commons-email,6580a0b43b1ec8cbc4986b1efe7a9fd1b74d34d5,a54e5d7387495d09521aedc26e5a72d9cbdad7a5,org.apache.commons.mail.EmailTest,testSetHeadersEx,12
commons-email,6580a0b43b1ec8cbc4986b1efe7a9fd1b74d34d5,a54e5d7387495d09521aedc26e5a72d9cbdad7a5,org.apache.commons.mail.EmailTest,testSetPopBeforeSmtp,12
commons-email,6580a0b43b1ec8cbc4986b1efe7a9fd1b74d34d5,a54e5d7387495d09521aedc26e5a72d9cbdad7a5,org.apache.commons.mail.EmailTest,testSetSubject,12
commons-email,6580a0b43b1ec8cbc4986b1efe7a9fd1b74d34d5,a54e5d7387495d09521aedc26e5a72d9cbdad7a5,org.apache.commons.mail.InvalidAddressTest,testAddInvalidBcc,12
commons-email,6580a0b43b1ec8cbc4986b1efe7a9fd1b74d34d5,a54e5d7387495d09521aedc26e5a72d9cbdad7a5,org.apache.commons.mail.InvalidAddressTest,testAddInvalidCc,12
commons-email,6580a0b43b1ec8cbc4986b1efe7a9fd1b74d34d5,a54e5d7387495d09521aedc26e5a72d9cbdad7a5,org.apache.commons.mail.InvalidAddressTest,testAddInvalidTo,12
commons-email,6580a0b43b1ec8cbc4986b1efe7a9fd1b74d34d5,a54e5d7387495d09521aedc26e5a72d9cbdad7a5,org.apache.commons.mail.InvalidAddressTest,testSetInvalidFrom,12
commons-email,6580a0b43b1ec8cbc4986b1efe7a9fd1b74d34d5,a54e5d7387495d09521aedc26e5a72d9cbdad7a5,org.apache.commons.mail.InvalidInternetAddressTest,testStrictConstructor,12
commons-email,6580a0b43b1ec8cbc4986b1efe7a9fd1b74d34d5,a54e5d7387495d09521aedc26e5a72d9cbdad7a5,org.apache.commons.mail.MultiPartEmailTest,testAddPart,12
commons-email,6580a0b43b1ec8cbc4986b1efe7a9fd1b74d34d5,a54e5d7387495d09521aedc26e5a72d9cbdad7a5,org.apache.commons.mail.MultiPartEmailTest,testAddPart2,12
commons-email,6580a0b43b1ec8cbc4986b1efe7a9fd1b74d34d5,a54e5d7387495d09521aedc26e5a72d9cbdad7a5,org.apache.commons.mail.MultiPartEmailTest,testSetMsg,12
commons-email,6580a0b43b1ec8cbc4986b1efe7a9fd1b74d34d5,a54e5d7387495d09521aedc26e5a72d9cbdad7a5,org.apache.commons.mail.SimpleEmailTest,testGetSetMsg,12
commons-email,67d9c96575577f9e60a452e96140945ed5be594c,0ec9fc64a48400c82df17d5228f34a26a68af7dc,org.apache.commons.mail.HtmlEmailTest,testSendWithPlainTextButNoHtmlContent,20
commons-exec,f05948f438d339ea563b69a0c37136d674065ce7,c8a5398567cd44fba754aa823e48ec0773bcf03b,org.apache.commons.exec.issues.Exec57Test,testExecutionOfBackgroundProcess,21
commons-exec,a8a42c63a7264cea1ea2261e35c394379e002455,c5047a803449a38d042418543f8c88611617f9b3,org.apache.commons.exec.CommandLineTest,testAddArgumentsArrayNull,12
commons-exec,385b1179915c58bdae7dfdf45b2a95eecbb58ddb,2b1e18f29fa2204e03f6ec48432e3c4db90dea0e,org.apache.commons.exec.CommandLineTest,testAddArgument,12
commons-exec,385b1179915c58bdae7dfdf45b2a95eecbb58ddb,2b1e18f29fa2204e03f6ec48432e3c4db90dea0e,org.apache.commons.exec.CommandLineTest,testAddArguments,12
commons-exec,385b1179915c58bdae7dfdf45b2a95eecbb58ddb,2b1e18f29fa2204e03f6ec48432e3c4db90dea0e,org.apache.commons.exec.CommandLineTest,testAddArgumentsArray,12
commons-exec,385b1179915c58bdae7dfdf45b2a95eecbb58ddb,2b1e18f29fa2204e03f6ec48432e3c4db90dea0e,org.apache.commons.exec.CommandLineTest,testAddArgumentsArrayNull,12
commons-exec,385b1179915c58bdae7dfdf45b2a95eecbb58ddb,2b1e18f29fa2204e03f6ec48432e3c4db90dea0e,org.apache.commons.exec.CommandLineTest,testAddArgumentsWithQuotes,12
commons-exec,385b1179915c58bdae7dfdf45b2a95eecbb58ddb,2b1e18f29fa2204e03f6ec48432e3c4db90dea0e,org.apache.commons.exec.CommandLineTest,testAddArgumentsWithQuotesAndSpaces,12
commons-exec,385b1179915c58bdae7dfdf45b2a95eecbb58ddb,2b1e18f29fa2204e03f6ec48432e3c4db90dea0e,org.apache.commons.exec.CommandLineTest,testAddArgumentWithQuote,12
commons-exec,385b1179915c58bdae7dfdf45b2a95eecbb58ddb,2b1e18f29fa2204e03f6ec48432e3c4db90dea0e,org.apache.commons.exec.CommandLineTest,testAddArgumentWithQuotesAround,12
commons-exec,385b1179915c58bdae7dfdf45b2a95eecbb58ddb,2b1e18f29fa2204e03f6ec48432e3c4db90dea0e,org.apache.commons.exec.CommandLineTest,testAddArgumentWithSingleQuote,12
commons-exec,385b1179915c58bdae7dfdf45b2a95eecbb58ddb,2b1e18f29fa2204e03f6ec48432e3c4db90dea0e,org.apache.commons.exec.CommandLineTest,testAddArgumentWithSpace,12
commons-exec,385b1179915c58bdae7dfdf45b2a95eecbb58ddb,2b1e18f29fa2204e03f6ec48432e3c4db90dea0e,org.apache.commons.exec.CommandLineTest,testAddNullArgument,12
commons-exec,385b1179915c58bdae7dfdf45b2a95eecbb58ddb,2b1e18f29fa2204e03f6ec48432e3c4db90dea0e,org.apache.commons.exec.CommandLineTest,testCommandLineParsingWithExpansion1,12
commons-exec,385b1179915c58bdae7dfdf45b2a95eecbb58ddb,2b1e18f29fa2204e03f6ec48432e3c4db90dea0e,org.apache.commons.exec.CommandLineTest,testComplexAddArgument,12
commons-exec,385b1179915c58bdae7dfdf45b2a95eecbb58ddb,2b1e18f29fa2204e03f6ec48432e3c4db90dea0e,org.apache.commons.exec.CommandLineTest,testComplexAddArguments1,12
commons-exec,385b1179915c58bdae7dfdf45b2a95eecbb58ddb,2b1e18f29fa2204e03f6ec48432e3c4db90dea0e,org.apache.commons.exec.CommandLineTest,testComplexAddArguments2,12
commons-exec,385b1179915c58bdae7dfdf45b2a95eecbb58ddb,2b1e18f29fa2204e03f6ec48432e3c4db90dea0e,org.apache.commons.exec.CommandLineTest,testExecutable,12
commons-exec,385b1179915c58bdae7dfdf45b2a95eecbb58ddb,2b1e18f29fa2204e03f6ec48432e3c4db90dea0e,org.apache.commons.exec.CommandLineTest,testParseCommandLine,12
commons-exec,385b1179915c58bdae7dfdf45b2a95eecbb58ddb,2b1e18f29fa2204e03f6ec48432e3c4db90dea0e,org.apache.commons.exec.CommandLineTest,testParseCommandLineWithQuotes,12
commons-exec,ae60eed39468c035828c2a49f1f6d2f57b44cc5b,43608fd74fdc33dd31c6a4a2fd38709279781a56,org.apache.commons.exec.environment.EnvironmentUtilTest,testToStrings,22
commons-fileupload,fc2d541d3599bb8546f956af1f9ce1d189dda7cc,422caf46e5b7a950c639b8ba9fe41e16279b3aa9,org.apache.commons.fileupload.SizesTest,testMaxSizeLimit,23
commons-fileupload,4789a970deda3e60190d6a7eb8b51ce80a51d7b0,f8f529ee0baecc9262317cc5375af1eb42aadab4,org.apache.commons.fileupload.SizesTest,testMaxSizeLimit,24
commons-fileupload,d0207d28f35f746f4aec758f2102148fede417cb,04d808a57a8b84171a1fa9c82e1c6405e288a57b,org.apache.commons.fileupload.DiskFileItemSerializeTest,testValidRepository,10
commons-lang,7a3ca8598dc4e830337dd938f2ad501a1e4049fe,758228f691b34c97f421ed92336772531495e0cc,org.apache.commons.lang3.concurrent.EventCountCircuitBreakerTest,testNow,25
commons-lang,9a5da72bbfa659d2c4897f4454ddd8ceef13a8e3,a7b7e114617d2e6bda2efdce17a01e78d2629579,org.apache.commons.lang3.StringUtilsTest,testRemoveEndIgnoreCase,16
commons-lang,c68285bb3392665827595ac408a5fad828b0351f,ad648cf8a8a90bdee129266ca7b686a5b9a87561,org.apache.commons.lang3.StringUtilsTest,testWrap_StringChar,9
commons-lang,c68285bb3392665827595ac408a5fad828b0351f,ad648cf8a8a90bdee129266ca7b686a5b9a87561,org.apache.commons.lang3.StringUtilsTest,testWrapIfMissing_StringChar,9
commons-lang,125cfb4cab35daebe874a599877d6280b464212b,8e8e78d849825696237b9f540f3e082a44b1e838,org.apache.commons.lang3.ClassUtilsTest,test_getShortCanonicalName_Class,16
commons-lang,125cfb4cab35daebe874a599877d6280b464212b,8e8e78d849825696237b9f540f3e082a44b1e838,org.apache.commons.lang3.ClassUtilsTest,test_getShortCanonicalName_Object,16
commons-lang,125cfb4cab35daebe874a599877d6280b464212b,8e8e78d849825696237b9f540f3e082a44b1e838,org.apache.commons.lang3.ClassUtilsTest,test_getShortClassName_Class,16
commons-lang,125cfb4cab35daebe874a599877d6280b464212b,8e8e78d849825696237b9f540f3e082a44b1e838,org.apache.commons.lang3.ClassUtilsTest,test_getShortClassName_Object,16
commons-lang,cc748d35e50cc290ffbecd287e04bec9db906a76,36217ee164239391c672fdfc8f5bd080beab5c4b,org.apache.commons.lang3.text.ExtendedMessageFormatTest,testBuiltInDateTimeFormat,16
commons-lang,6f03c0ce11db4a270124b9bf93338d3db9fccf5c,96a1a31d734e663af5c9bcda58c7bb5870e8a363,org.apache.commons.lang3.ClassUtilsTest,test_getShortCanonicalName_Class,16
commons-lang,6f03c0ce11db4a270124b9bf93338d3db9fccf5c,96a1a31d734e663af5c9bcda58c7bb5870e8a363,org.apache.commons.lang3.ClassUtilsTest,test_getShortCanonicalName_Object,16
commons-lang,6f03c0ce11db4a270124b9bf93338d3db9fccf5c,96a1a31d734e663af5c9bcda58c7bb5870e8a363,org.apache.commons.lang3.ClassUtilsTest,test_getShortClassName_Class,16
commons-lang,6f03c0ce11db4a270124b9bf93338d3db9fccf5c,96a1a31d734e663af5c9bcda58c7bb5870e8a363,org.apache.commons.lang3.ClassUtilsTest,test_getShortClassName_Object,16
commons-lang,c7554151d3f695718a5bd431e22c7f4c39a0b261,ae862ae116f2056421ab8d6e997e7b64a95828a5,org.apache.commons.lang3.CharUtilsTest,testIsAscii_char,16
commons-lang,fa91c1b28647bd4217b0c325249aff9638fbeb6a,1da8ccdbfe2faa3e6801fe44eaf3c336aab48bec,org.apache.commons.lang3.text.CompositeFormatTest,testCompositeFormat,14
commons-lang,cc6beb2d05347fba64d933906ae2b712b1a43302,c7554151d3f695718a5bd431e22c7f4c39a0b261,org.apache.commons.lang3.CharUtilsTest,testIsAscii_char,26
commons-lang,ae924788d9b222beefa1723b3d704975fc4e877a,729bcc46b503c1574c7c93a65e902f436b4ec6ec,org.apache.commons.lang3.RangeTest,testComparableConstructors,27
commons-lang,ae924788d9b222beefa1723b3d704975fc4e877a,729bcc46b503c1574c7c93a65e902f436b4ec6ec,org.apache.commons.lang3.text.translate.UnicodeUnpairedSurrogateRemoverTest,testInvalidCharacters,27
commons-lang,ae924788d9b222beefa1723b3d704975fc4e877a,729bcc46b503c1574c7c93a65e902f436b4ec6ec,org.apache.commons.lang3.text.translate.UnicodeUnpairedSurrogateRemoverTest,testValidCharacters,27
commons-lang,66226ec1c2ff33e138189463001c649dbb404f56,ae924788d9b222beefa1723b3d704975fc4e877a,org.apache.commons.lang3.ArrayUtilsTest,testCloneBoolean,28
commons-lang,66226ec1c2ff33e138189463001c649dbb404f56,ae924788d9b222beefa1723b3d704975fc4e877a,org.apache.commons.lang3.ArrayUtilsTest,testCloneByte,28
commons-lang,66226ec1c2ff33e138189463001c649dbb404f56,ae924788d9b222beefa1723b3d704975fc4e877a,org.apache.commons.lang3.ArrayUtilsTest,testCloneChar,28
commons-lang,66226ec1c2ff33e138189463001c649dbb404f56,ae924788d9b222beefa1723b3d704975fc4e877a,org.apache.commons.lang3.ArrayUtilsTest,testCloneDouble,28
commons-lang,66226ec1c2ff33e138189463001c649dbb404f56,ae924788d9b222beefa1723b3d704975fc4e877a,org.apache.commons.lang3.ArrayUtilsTest,testCloneFloat,28
commons-lang,66226ec1c2ff33e138189463001c649dbb404f56,ae924788d9b222beefa1723b3d704975fc4e877a,org.apache.commons.lang3.ArrayUtilsTest,testCloneInt,28
commons-lang,66226ec1c2ff33e138189463001c649dbb404f56,ae924788d9b222beefa1723b3d704975fc4e877a,org.apache.commons.lang3.ArrayUtilsTest,testCloneLong,28
commons-lang,66226ec1c2ff33e138189463001c649dbb404f56,ae924788d9b222beefa1723b3d704975fc4e877a,org.apache.commons.lang3.ArrayUtilsTest,testCloneShort,28
commons-lang,66226ec1c2ff33e138189463001c649dbb404f56,ae924788d9b222beefa1723b3d704975fc4e877a,org.apache.commons.lang3.ArrayUtilsTest,testReverseBoolean,28
commons-lang,66226ec1c2ff33e138189463001c649dbb404f56,ae924788d9b222beefa1723b3d704975fc4e877a,org.apache.commons.lang3.ArrayUtilsTest,testReverseBooleanRange,28
commons-lang,66226ec1c2ff33e138189463001c649dbb404f56,ae924788d9b222beefa1723b3d704975fc4e877a,org.apache.commons.lang3.ArrayUtilsTest,testReverseByte,28
commons-lang,66226ec1c2ff33e138189463001c649dbb404f56,ae924788d9b222beefa1723b3d704975fc4e877a,org.apache.commons.lang3.ArrayUtilsTest,testReverseByteRange,28
commons-lang,66226ec1c2ff33e138189463001c649dbb404f56,ae924788d9b222beefa1723b3d704975fc4e877a,org.apache.commons.lang3.ArrayUtilsTest,testReverseChar,28
commons-lang,66226ec1c2ff33e138189463001c649dbb404f56,ae924788d9b222beefa1723b3d704975fc4e877a,org.apache.commons.lang3.ArrayUtilsTest,testReverseCharRange,28
commons-lang,66226ec1c2ff33e138189463001c649dbb404f56,ae924788d9b222beefa1723b3d704975fc4e877a,org.apache.commons.lang3.ArrayUtilsTest,testReverseDouble,28
commons-lang,66226ec1c2ff33e138189463001c649dbb404f56,ae924788d9b222beefa1723b3d704975fc4e877a,org.apache.commons.lang3.ArrayUtilsTest,testReverseDoubleRange,28
commons-lang,66226ec1c2ff33e138189463001c649dbb404f56,ae924788d9b222beefa1723b3d704975fc4e877a,org.apache.commons.lang3.ArrayUtilsTest,testReverseFloat,28
commons-lang,66226ec1c2ff33e138189463001c649dbb404f56,ae924788d9b222beefa1723b3d704975fc4e877a,org.apache.commons.lang3.ArrayUtilsTest,testReverseFloatRange,28
commons-lang,66226ec1c2ff33e138189463001c649dbb404f56,ae924788d9b222beefa1723b3d704975fc4e877a,org.apache.commons.lang3.ArrayUtilsTest,testReverseInt,28
commons-lang,66226ec1c2ff33e138189463001c649dbb404f56,ae924788d9b222beefa1723b3d704975fc4e877a,org.apache.commons.lang3.ArrayUtilsTest,testReverseIntRange,28
commons-lang,66226ec1c2ff33e138189463001c649dbb404f56,ae924788d9b222beefa1723b3d704975fc4e877a,org.apache.commons.lang3.ArrayUtilsTest,testReverseLong,28
commons-lang,66226ec1c2ff33e138189463001c649dbb404f56,ae924788d9b222beefa1723b3d704975fc4e877a,org.apache.commons.lang3.ArrayUtilsTest,testReverseLongRange,28
commons-lang,66226ec1c2ff33e138189463001c649dbb404f56,ae924788d9b222beefa1723b3d704975fc4e877a,org.apache.commons.lang3.ArrayUtilsTest,testReverseObjectRange,28
commons-lang,66226ec1c2ff33e138189463001c649dbb404f56,ae924788d9b222beefa1723b3d704975fc4e877a,org.apache.commons.lang3.ArrayUtilsTest,testReverseShort,28
commons-lang,66226ec1c2ff33e138189463001c649dbb404f56,ae924788d9b222beefa1723b3d704975fc4e877a,org.apache.commons.lang3.ArrayUtilsTest,testReverseShortRange,28
commons-lang,66226ec1c2ff33e138189463001c649dbb404f56,ae924788d9b222beefa1723b3d704975fc4e877a,org.apache.commons.lang3.ArrayUtilsTest,testToMap,28
commons-lang,66226ec1c2ff33e138189463001c649dbb404f56,ae924788d9b222beefa1723b3d704975fc4e877a,org.apache.commons.lang3.ArrayUtilsTest,testToPrimitive_boolean,28
commons-lang,66226ec1c2ff33e138189463001c649dbb404f56,ae924788d9b222beefa1723b3d704975fc4e877a,org.apache.commons.lang3.ArrayUtilsTest,testToPrimitive_boolean_boolean,28
commons-lang,66226ec1c2ff33e138189463001c649dbb404f56,ae924788d9b222beefa1723b3d704975fc4e877a,org.apache.commons.lang3.ArrayUtilsTest,testToPrimitive_byte,28
commons-lang,66226ec1c2ff33e138189463001c649dbb404f56,ae924788d9b222beefa1723b3d704975fc4e877a,org.apache.commons.lang3.ArrayUtilsTest,testToPrimitive_byte_byte,28
commons-lang,66226ec1c2ff33e138189463001c649dbb404f56,ae924788d9b222beefa1723b3d704975fc4e877a,org.apache.commons.lang3.ArrayUtilsTest,testToPrimitive_char,28
commons-lang,66226ec1c2ff33e138189463001c649dbb404f56,ae924788d9b222beefa1723b3d704975fc4e877a,org.apache.commons.lang3.ArrayUtilsTest,testToPrimitive_char_char,28
commons-lang,66226ec1c2ff33e138189463001c649dbb404f56,ae924788d9b222beefa1723b3d704975fc4e877a,org.apache.commons.lang3.ArrayUtilsTest,testToPrimitive_double,28
commons-lang,66226ec1c2ff33e138189463001c649dbb404f56,ae924788d9b222beefa1723b3d704975fc4e877a,org.apache.commons.lang3.ArrayUtilsTest,testToPrimitive_double_double,28
commons-lang,66226ec1c2ff33e138189463001c649dbb404f56,ae924788d9b222beefa1723b3d704975fc4e877a,org.apache.commons.lang3.ArrayUtilsTest,testToPrimitive_float,28
commons-lang,66226ec1c2ff33e138189463001c649dbb404f56,ae924788d9b222beefa1723b3d704975fc4e877a,org.apache.commons.lang3.ArrayUtilsTest,testToPrimitive_float_float,28
commons-lang,66226ec1c2ff33e138189463001c649dbb404f56,ae924788d9b222beefa1723b3d704975fc4e877a,org.apache.commons.lang3.ArrayUtilsTest,testToPrimitive_int,28
commons-lang,66226ec1c2ff33e138189463001c649dbb404f56,ae924788d9b222beefa1723b3d704975fc4e877a,org.apache.commons.lang3.ArrayUtilsTest,testToPrimitive_int_int,28
commons-lang,66226ec1c2ff33e138189463001c649dbb404f56,ae924788d9b222beefa1723b3d704975fc4e877a,org.apache.commons.lang3.ArrayUtilsTest,testToPrimitive_intNull,28
commons-lang,66226ec1c2ff33e138189463001c649dbb404f56,ae924788d9b222beefa1723b3d704975fc4e877a,org.apache.commons.lang3.ArrayUtilsTest,testToPrimitive_long,28
commons-lang,66226ec1c2ff33e138189463001c649dbb404f56,ae924788d9b222beefa1723b3d704975fc4e877a,org.apache.commons.lang3.ArrayUtilsTest,testToPrimitive_long_long,28
commons-lang,66226ec1c2ff33e138189463001c649dbb404f56,ae924788d9b222beefa1723b3d704975fc4e877a,org.apache.commons.lang3.ArrayUtilsTest,testToPrimitive_short,28
commons-lang,66226ec1c2ff33e138189463001c649dbb404f56,ae924788d9b222beefa1723b3d704975fc4e877a,org.apache.commons.lang3.ArrayUtilsTest,testToPrimitive_short_short,28
commons-lang,66226ec1c2ff33e138189463001c649dbb404f56,ae924788d9b222beefa1723b3d704975fc4e877a,org.apache.commons.lang3.BooleanUtilsTest,test_toBooleanObject_int_int_int,28
commons-lang,66226ec1c2ff33e138189463001c649dbb404f56,ae924788d9b222beefa1723b3d704975fc4e877a,org.apache.commons.lang3.BooleanUtilsTest,test_toBooleanObject_Integer,28
commons-lang,66226ec1c2ff33e138189463001c649dbb404f56,ae924788d9b222beefa1723b3d704975fc4e877a,org.apache.commons.lang3.BooleanUtilsTest,test_toBooleanObject_Integer_Integer_Integer_Integer,28
commons-lang,66226ec1c2ff33e138189463001c649dbb404f56,ae924788d9b222beefa1723b3d704975fc4e877a,org.apache.commons.lang3.BooleanUtilsTest,test_toBooleanObject_String,28
commons-lang,66226ec1c2ff33e138189463001c649dbb404f56,ae924788d9b222beefa1723b3d704975fc4e877a,org.apache.commons.lang3.BooleanUtilsTest,test_toBooleanObject_String_String_String_String,28
commons-lang,66226ec1c2ff33e138189463001c649dbb404f56,ae924788d9b222beefa1723b3d704975fc4e877a,org.apache.commons.lang3.BooleanUtilsTest,test_toIntegerObject_Boolean,28
commons-lang,66226ec1c2ff33e138189463001c649dbb404f56,ae924788d9b222beefa1723b3d704975fc4e877a,org.apache.commons.lang3.BooleanUtilsTest,test_toIntegerObject_Boolean_Integer_Integer_Integer,28
commons-lang,66226ec1c2ff33e138189463001c649dbb404f56,ae924788d9b222beefa1723b3d704975fc4e877a,org.apache.commons.lang3.BooleanUtilsTest,test_toStringOnOff_Boolean,28
commons-lang,66226ec1c2ff33e138189463001c649dbb404f56,ae924788d9b222beefa1723b3d704975fc4e877a,org.apache.commons.lang3.BooleanUtilsTest,test_toStringTrueFalse_Boolean,28
commons-lang,66226ec1c2ff33e138189463001c649dbb404f56,ae924788d9b222beefa1723b3d704975fc4e877a,org.apache.commons.lang3.BooleanUtilsTest,test_toStringYesNo_Boolean,28
commons-lang,66226ec1c2ff33e138189463001c649dbb404f56,ae924788d9b222beefa1723b3d704975fc4e877a,org.apache.commons.lang3.CharSequenceUtilsTest,testSubSequence,28
commons-lang,66226ec1c2ff33e138189463001c649dbb404f56,ae924788d9b222beefa1723b3d704975fc4e877a,org.apache.commons.lang3.CharSequenceUtilsTest,testSubSequenceNegativeStart,28
commons-lang,66226ec1c2ff33e138189463001c649dbb404f56,ae924788d9b222beefa1723b3d704975fc4e877a,org.apache.commons.lang3.CharSequenceUtilsTest,testSubSequenceTooLong,28
commons-lang,66226ec1c2ff33e138189463001c649dbb404f56,ae924788d9b222beefa1723b3d704975fc4e877a,org.apache.commons.lang3.CharSetTest,testGetInstance_Stringarray,28
commons-lang,66226ec1c2ff33e138189463001c649dbb404f56,ae924788d9b222beefa1723b3d704975fc4e877a,org.apache.commons.lang3.CharSetUtilsTest,testDelete_StringString,28
commons-lang,66226ec1c2ff33e138189463001c649dbb404f56,ae924788d9b222beefa1723b3d704975fc4e877a,org.apache.commons.lang3.CharSetUtilsTest,testDelete_StringStringarray,28
commons-lang,66226ec1c2ff33e138189463001c649dbb404f56,ae924788d9b222beefa1723b3d704975fc4e877a,org.apache.commons.lang3.CharSetUtilsTest,testKeep_StringString,28
commons-lang,66226ec1c2ff33e138189463001c649dbb404f56,ae924788d9b222beefa1723b3d704975fc4e877a,org.apache.commons.lang3.CharSetUtilsTest,testKeep_StringStringarray,28
commons-lang,66226ec1c2ff33e138189463001c649dbb404f56,ae924788d9b222beefa1723b3d704975fc4e877a,org.apache.commons.lang3.CharSetUtilsTest,testSqueeze_StringString,28
commons-lang,66226ec1c2ff33e138189463001c649dbb404f56,ae924788d9b222beefa1723b3d704975fc4e877a,org.apache.commons.lang3.CharSetUtilsTest,testSqueeze_StringStringarray,28
commons-lang,66226ec1c2ff33e138189463001c649dbb404f56,ae924788d9b222beefa1723b3d704975fc4e877a,org.apache.commons.lang3.CharUtilsTest,testToCharacterObject_String,28
commons-lang,66226ec1c2ff33e138189463001c649dbb404f56,ae924788d9b222beefa1723b3d704975fc4e877a,org.apache.commons.lang3.CharUtilsTest,testToString_Character,28
commons-lang,66226ec1c2ff33e138189463001c649dbb404f56,ae924788d9b222beefa1723b3d704975fc4e877a,org.apache.commons.lang3.ClassUtilsTest,test_getAllInterfaces_Class,28
commons-lang,66226ec1c2ff33e138189463001c649dbb404f56,ae924788d9b222beefa1723b3d704975fc4e877a,org.apache.commons.lang3.ClassUtilsTest,test_getAllSuperclasses_Class,28
commons-lang,66226ec1c2ff33e138189463001c649dbb404f56,ae924788d9b222beefa1723b3d704975fc4e877a,org.apache.commons.lang3.EnumUtilsTest,test_getEnum,28
commons-lang,66226ec1c2ff33e138189463001c649dbb404f56,ae924788d9b222beefa1723b3d704975fc4e877a,org.apache.commons.lang3.ObjectUtilsTest,testIdentityToStringStringBuilder,28
commons-lang,66226ec1c2ff33e138189463001c649dbb404f56,ae924788d9b222beefa1723b3d704975fc4e877a,org.apache.commons.lang3.StringEscapeUtilsTest,testEscapeEcmaScript,28
commons-lang,66226ec1c2ff33e138189463001c649dbb404f56,ae924788d9b222beefa1723b3d704975fc4e877a,org.apache.commons.lang3.StringEscapeUtilsTest,testEscapeJava,28
commons-lang,66226ec1c2ff33e138189463001c649dbb404f56,ae924788d9b222beefa1723b3d704975fc4e877a,org.apache.commons.lang3.StringEscapeUtilsTest,testEscapeJson,28
commons-lang,66226ec1c2ff33e138189463001c649dbb404f56,ae924788d9b222beefa1723b3d704975fc4e877a,org.apache.commons.lang3.StringEscapeUtilsTest,testEscapeXml,28
commons-lang,66226ec1c2ff33e138189463001c649dbb404f56,ae924788d9b222beefa1723b3d704975fc4e877a,org.apache.commons.lang3.StringEscapeUtilsTest,testUnescapeEcmaScript,28
commons-lang,66226ec1c2ff33e138189463001c649dbb404f56,ae924788d9b222beefa1723b3d704975fc4e877a,org.apache.commons.lang3.StringEscapeUtilsTest,testUnescapeJava,28
commons-lang,66226ec1c2ff33e138189463001c649dbb404f56,ae924788d9b222beefa1723b3d704975fc4e877a,org.apache.commons.lang3.StringEscapeUtilsTest,testUnescapeJson,28
commons-lang,66226ec1c2ff33e138189463001c649dbb404f56,ae924788d9b222beefa1723b3d704975fc4e877a,org.apache.commons.lang3.StringUtilsSubstringTest,testSubstring_StringInt,28
commons-lang,66226ec1c2ff33e138189463001c649dbb404f56,ae924788d9b222beefa1723b3d704975fc4e877a,org.apache.commons.lang3.StringUtilsSubstringTest,testSubstring_StringIntInt,28
commons-lang,66226ec1c2ff33e138189463001c649dbb404f56,ae924788d9b222beefa1723b3d704975fc4e877a,org.apache.commons.lang3.StringUtilsSubstringTest,testSubstringAfter_StringString,28
commons-lang,66226ec1c2ff33e138189463001c649dbb404f56,ae924788d9b222beefa1723b3d704975fc4e877a,org.apache.commons.lang3.StringUtilsSubstringTest,testSubstringAfterLast_StringString,28
commons-lang,66226ec1c2ff33e138189463001c649dbb404f56,ae924788d9b222beefa1723b3d704975fc4e877a,org.apache.commons.lang3.StringUtilsSubstringTest,testSubstringBefore_StringString,28
commons-lang,66226ec1c2ff33e138189463001c649dbb404f56,ae924788d9b222beefa1723b3d704975fc4e877a,org.apache.commons.lang3.StringUtilsSubstringTest,testSubstringBeforeLast_StringString,28
commons-lang,66226ec1c2ff33e138189463001c649dbb404f56,ae924788d9b222beefa1723b3d704975fc4e877a,org.apache.commons.lang3.StringUtilsSubstringTest,testSubstringBetween_StringString,28
commons-lang,66226ec1c2ff33e138189463001c649dbb404f56,ae924788d9b222beefa1723b3d704975fc4e877a,org.apache.commons.lang3.StringUtilsSubstringTest,testSubstringBetween_StringStringString,28
commons-lang,66226ec1c2ff33e138189463001c649dbb404f56,ae924788d9b222beefa1723b3d704975fc4e877a,org.apache.commons.lang3.StringUtilsTest,testGetDigits,28
commons-lang,66226ec1c2ff33e138189463001c649dbb404f56,ae924788d9b222beefa1723b3d704975fc4e877a,org.apache.commons.lang3.StringUtilsTest,testRotate_StringInt,28
commons-lang,66226ec1c2ff33e138189463001c649dbb404f56,ae924788d9b222beefa1723b3d704975fc4e877a,org.apache.commons.lang3.StringUtilsTest,testWrap_StringString,28
commons-lang,66226ec1c2ff33e138189463001c649dbb404f56,ae924788d9b222beefa1723b3d704975fc4e877a,org.apache.commons.lang3.StringUtilsTrimStripTest,testStrip_String,28
commons-lang,66226ec1c2ff33e138189463001c649dbb404f56,ae924788d9b222beefa1723b3d704975fc4e877a,org.apache.commons.lang3.StringUtilsTrimStripTest,testStrip_StringString,28
commons-lang,66226ec1c2ff33e138189463001c649dbb404f56,ae924788d9b222beefa1723b3d704975fc4e877a,org.apache.commons.lang3.StringUtilsTrimStripTest,testStripEnd_StringString,28
commons-lang,66226ec1c2ff33e138189463001c649dbb404f56,ae924788d9b222beefa1723b3d704975fc4e877a,org.apache.commons.lang3.StringUtilsTrimStripTest,testStripStart_StringString,28
commons-lang,66226ec1c2ff33e138189463001c649dbb404f56,ae924788d9b222beefa1723b3d704975fc4e877a,org.apache.commons.lang3.StringUtilsTrimStripTest,testStripToNull_String,28
commons-lang,66226ec1c2ff33e138189463001c649dbb404f56,ae924788d9b222beefa1723b3d704975fc4e877a,org.apache.commons.lang3.StringUtilsTrimStripTest,testTrim,28
commons-lang,66226ec1c2ff33e138189463001c649dbb404f56,ae924788d9b222beefa1723b3d704975fc4e877a,org.apache.commons.lang3.StringUtilsTrimStripTest,testTrimToNull,28
commons-lang,66226ec1c2ff33e138189463001c649dbb404f56,ae924788d9b222beefa1723b3d704975fc4e877a,org.apache.commons.lang3.text.StrBuilderTest,testGetSetNewLineText,28
commons-lang,66226ec1c2ff33e138189463001c649dbb404f56,ae924788d9b222beefa1723b3d704975fc4e877a,org.apache.commons.lang3.text.StrBuilderTest,testGetSetNullText,28
commons-lang,66226ec1c2ff33e138189463001c649dbb404f56,ae924788d9b222beefa1723b3d704975fc4e877a,org.apache.commons.lang3.text.StrLookupTest,testMapLookup_nullMap,28
commons-lang,66226ec1c2ff33e138189463001c649dbb404f56,ae924788d9b222beefa1723b3d704975fc4e877a,org.apache.commons.lang3.text.StrLookupTest,testNoneLookup,28
commons-lang,66226ec1c2ff33e138189463001c649dbb404f56,ae924788d9b222beefa1723b3d704975fc4e877a,org.apache.commons.lang3.text.StrLookupTest,testSystemPropertiesLookup,28
commons-lang,66226ec1c2ff33e138189463001c649dbb404f56,ae924788d9b222beefa1723b3d704975fc4e877a,org.apache.commons.lang3.text.StrTokenizerTest,testBasicEmpty2,28
commons-lang,66226ec1c2ff33e138189463001c649dbb404f56,ae924788d9b222beefa1723b3d704975fc4e877a,org.apache.commons.lang3.text.StrTokenizerTest,testBasicIgnoreTrimmed1,28
commons-lang,66226ec1c2ff33e138189463001c649dbb404f56,ae924788d9b222beefa1723b3d704975fc4e877a,org.apache.commons.lang3.text.StrTokenizerTest,testBasicIgnoreTrimmed2,28
commons-lang,66226ec1c2ff33e138189463001c649dbb404f56,ae924788d9b222beefa1723b3d704975fc4e877a,org.apache.commons.lang3.text.StrTokenizerTest,testBasicIgnoreTrimmed4,28
commons-lang,66226ec1c2ff33e138189463001c649dbb404f56,ae924788d9b222beefa1723b3d704975fc4e877a,org.apache.commons.lang3.text.StrTokenizerTest,testBasicQuoted2,28
commons-lang,66226ec1c2ff33e138189463001c649dbb404f56,ae924788d9b222beefa1723b3d704975fc4e877a,org.apache.commons.lang3.text.StrTokenizerTest,testBasicQuotedTrimmed1,28
commons-lang,66226ec1c2ff33e138189463001c649dbb404f56,ae924788d9b222beefa1723b3d704975fc4e877a,org.apache.commons.lang3.text.StrTokenizerTest,testBasicTrimmed1,28
commons-lang,66226ec1c2ff33e138189463001c649dbb404f56,ae924788d9b222beefa1723b3d704975fc4e877a,org.apache.commons.lang3.text.StrTokenizerTest,testBasicTrimmed2,28
commons-lang,66226ec1c2ff33e138189463001c649dbb404f56,ae924788d9b222beefa1723b3d704975fc4e877a,org.apache.commons.lang3.text.StrTokenizerTest,testCloneNull,28
commons-lang,66226ec1c2ff33e138189463001c649dbb404f56,ae924788d9b222beefa1723b3d704975fc4e877a,org.apache.commons.lang3.text.StrTokenizerTest,testGetContent,28
commons-lang,66226ec1c2ff33e138189463001c649dbb404f56,ae924788d9b222beefa1723b3d704975fc4e877a,org.apache.commons.lang3.text.WordUtilsTest,testCapitalize_String,28
commons-lang,66226ec1c2ff33e138189463001c649dbb404f56,ae924788d9b222beefa1723b3d704975fc4e877a,org.apache.commons.lang3.text.WordUtilsTest,testCapitalizeFully_String,28
commons-lang,66226ec1c2ff33e138189463001c649dbb404f56,ae924788d9b222beefa1723b3d704975fc4e877a,org.apache.commons.lang3.text.WordUtilsTest,testCapitalizeFullyWithDelimiters_String,28
commons-lang,66226ec1c2ff33e138189463001c649dbb404f56,ae924788d9b222beefa1723b3d704975fc4e877a,org.apache.commons.lang3.text.WordUtilsTest,testCapitalizeWithDelimiters_String,28
commons-lang,66226ec1c2ff33e138189463001c649dbb404f56,ae924788d9b222beefa1723b3d704975fc4e877a,org.apache.commons.lang3.text.WordUtilsTest,testInitials_String,28
commons-lang,66226ec1c2ff33e138189463001c649dbb404f56,ae924788d9b222beefa1723b3d704975fc4e877a,org.apache.commons.lang3.text.WordUtilsTest,testInitials_String_charArray,28
commons-lang,66226ec1c2ff33e138189463001c649dbb404f56,ae924788d9b222beefa1723b3d704975fc4e877a,org.apache.commons.lang3.text.WordUtilsTest,testSwapCase_String,28
commons-lang,66226ec1c2ff33e138189463001c649dbb404f56,ae924788d9b222beefa1723b3d704975fc4e877a,org.apache.commons.lang3.text.WordUtilsTest,testUncapitalize_String,28
commons-lang,66226ec1c2ff33e138189463001c649dbb404f56,ae924788d9b222beefa1723b3d704975fc4e877a,org.apache.commons.lang3.text.WordUtilsTest,testUncapitalizeWithDelimiters_String,28
commons-lang,8e8e78d849825696237b9f540f3e082a44b1e838,6f03c0ce11db4a270124b9bf93338d3db9fccf5c,org.apache.commons.lang3.ClassUtilsTest,test_getShortCanonicalName_Class,12
commons-lang,8e8e78d849825696237b9f540f3e082a44b1e838,6f03c0ce11db4a270124b9bf93338d3db9fccf5c,org.apache.commons.lang3.ClassUtilsTest,test_getShortCanonicalName_Object,12
commons-lang,8e8e78d849825696237b9f540f3e082a44b1e838,6f03c0ce11db4a270124b9bf93338d3db9fccf5c,org.apache.commons.lang3.ClassUtilsTest,test_getShortClassName_Class,12
commons-lang,8e8e78d849825696237b9f540f3e082a44b1e838,6f03c0ce11db4a270124b9bf93338d3db9fccf5c,org.apache.commons.lang3.ClassUtilsTest,test_getShortClassName_Object,12
commons-math,9b78d1ed4c2644949d057e1f236184e134f9cfa9,bbf926511f74a3e7fd0bc8714ca3126ac8d3a4b1,org.apache.commons.math3.exception.util.LocalizedFormatsTest,testMessageNumber,16
commons-math,3456d2a12a0bc2455cc5d076cde12151a1cfa57b,4ece62e101bd1717032b46d2da60f5341f618710,org.apache.commons.math3.util.ResizableDoubleArrayTest,testSetElementArbitraryExpansion,16
commons-math,3402d1c3c9fae94437ccfab994432e620a7fe64d,4117b2a53aa93f26d66b5bd8594b211ff61bd343,org.apache.commons.math.analysis.polynomials.PolynomialFunctionTest,testConstants,12
commons-math,3402d1c3c9fae94437ccfab994432e620a7fe64d,4117b2a53aa93f26d66b5bd8594b211ff61bd343,org.apache.commons.math.analysis.polynomials.PolynomialFunctionTest,testQuadratic,12
commons-math,3402d1c3c9fae94437ccfab994432e620a7fe64d,4117b2a53aa93f26d66b5bd8594b211ff61bd343,org.apache.commons.math.analysis.polynomials.PolynomialFunctionTest,testQuintic,12
commons-math,8e4e5221515f820108f48396a18ceaed73de8dc1,306fa74602973d8e6a5d542d43b13c9630408288,org.apache.commons.math4.analysis.differentiation.SparseGradientTest,testCompose,29
commons-math,8e4e5221515f820108f48396a18ceaed73de8dc1,306fa74602973d8e6a5d542d43b13c9630408288,org.apache.commons.math4.analysis.polynomials.PolynomialFunctionTest,testConstants,29
commons-math,8e4e5221515f820108f48396a18ceaed73de8dc1,306fa74602973d8e6a5d542d43b13c9630408288,org.apache.commons.math4.analysis.polynomials.PolynomialFunctionTest,testfirstDerivativeComparison,29
commons-math,8e4e5221515f820108f48396a18ceaed73de8dc1,306fa74602973d8e6a5d542d43b13c9630408288,org.apache.commons.math4.analysis.polynomials.PolynomialFunctionTest,testLinear,29
commons-math,8e4e5221515f820108f48396a18ceaed73de8dc1,306fa74602973d8e6a5d542d43b13c9630408288,org.apache.commons.math4.analysis.polynomials.PolynomialFunctionTest,testMath341,29
commons-math,e3c4637e19acca0b3cab18e5ecbdb6e8d3210400,232b96ceb131ff8cb58fbbdd021c22f7e5160239,org.apache.commons.math3.random.RandomDataGeneratorTest,testNextPoissonConsistency,16
commons-math,bb38a224ebd20c62d01ca12f2156d1c3c33a8ee2,0ec92a0fc205fb0704d3b9032b88ebb0d4e561a9,org.apache.commons.math.analysis.polynomials.PolynomialFunctionTest,testfirstDerivativeComparison,30
commons-math,bb38a224ebd20c62d01ca12f2156d1c3c33a8ee2,0ec92a0fc205fb0704d3b9032b88ebb0d4e561a9,org.apache.commons.math.analysis.polynomials.PolynomialFunctionTest,testMath341,30
commons-math,bb38a224ebd20c62d01ca12f2156d1c3c33a8ee2,0ec92a0fc205fb0704d3b9032b88ebb0d4e561a9,org.apache.commons.math.ArgumentOutsideDomainExceptionTest,testConstructor,30
commons-math,bb38a224ebd20c62d01ca12f2156d1c3c33a8ee2,0ec92a0fc205fb0704d3b9032b88ebb0d4e561a9,org.apache.commons.math.fraction.BigFractionFormatTest,testParseBig,30
commons-math,bb38a224ebd20c62d01ca12f2156d1c3c33a8ee2,0ec92a0fc205fb0704d3b9032b88ebb0d4e561a9,org.apache.commons.math.util.MathUtilsTest,testScalb,30
commons-math,aa0d77a1778fb9a4e2a6bd519ad05d0adde6daa0,c98ff85082ca15c7474934d10924f8436373a3a3,org.apache.commons.math.random.RandomDataTest,testNextPoisson,31
commons-math,fbbb96eb1784f1e7f8ac1ffc5c66fffa227206b2,328513f3adbcb683aebda8f1b38a0cb14d33de4e,org.apache.commons.math.util.MathUtilsTest,testRoundDouble,32
commons-math,6ac547ddcb1ccabb3dc6e8e3f25dd75fb87fd083,03e65c98da2a0b2e27b14713543c2a61d56b1237,org.apache.commons.math4.linear.ArrayFieldVectorTest,testBasicFunctions,33
commons-math,6ac547ddcb1ccabb3dc6e8e3f25dd75fb87fd083,03e65c98da2a0b2e27b14713543c2a61d56b1237,org.apache.commons.math4.linear.BlockFieldMatrixTest,testPremultiplyVector,33
commons-math,6ac547ddcb1ccabb3dc6e8e3f25dd75fb87fd083,03e65c98da2a0b2e27b14713543c2a61d56b1237,org.apache.commons.math4.linear.FieldMatrixImplTest,testPremultiplyVector,33
commons-math,6ac547ddcb1ccabb3dc6e8e3f25dd75fb87fd083,03e65c98da2a0b2e27b14713543c2a61d56b1237,org.apache.commons.math4.linear.SparseFieldMatrixTest,testPremultiplyVector,33
commons-math,95d15eff45cfcf40871d950c8ffecba2d95d63f9,a7e741944652cabc8747196718593d95302ea6c8,org.apache.commons.math.analysis.interpolation.BicubicSplineInterpolatingFunctionTest,testSplinePartialDerivatives,15
commons-math,3ffdf6246aa28e290754c2e77a03a0b45af5fe6a,49d94ad78ccfcea4e4c6aada466b2077895310a5,org.apache.commons.math3.dfp.DfpTest,testLog10,33
commons-math,d2e40b61f8efb9c0e3239743c6e6e2bcdb22fd7f,657b1b49da5ea1593dd7f950eae99a88a8ada87a,org.apache.commons.math4.util.ArithmeticUtilsTest,testGcdConsistency,33
commons-math,bb005b56ca0739c4c212804ba7a483c8164e78f1,055114a7964e394a5d01cbdd43dee7ddf13ceb01,org.apache.commons.math.random.RandomDataTest,testNextHex,31
commons-math,bb005b56ca0739c4c212804ba7a483c8164e78f1,055114a7964e394a5d01cbdd43dee7ddf13ceb01,org.apache.commons.math.random.RandomDataTest,testNextSecureHex,31
commons-math,95ebe8294c66d2aeb91db99911c9de42ab3dc87b,f119c3a5472f2d998bb5eac12cdc6b4afba2b811,org.apache.commons.math.stat.descriptive.MultivariateSummaryStatisticsTest,testToString,8
commons-math,abffaf334c4302047e013a112c286a9e4d2c967e,e875e6d59875be86fb8de8df7642c370b652eb76,org.apache.commons.math3.util.MathUtilsTest,testPermutedArrayHash,33
commons-math,abffaf334c4302047e013a112c286a9e4d2c967e,e875e6d59875be86fb8de8df7642c370b652eb76,org.apache.commons.math3.util.ResizableDoubleArrayTest,testAddElements,33
commons-math,abffaf334c4302047e013a112c286a9e4d2c967e,e875e6d59875be86fb8de8df7642c370b652eb76,org.apache.commons.math3.util.ResizableDoubleArrayTest,testEqualsAndHashCode,33
commons-math,abffaf334c4302047e013a112c286a9e4d2c967e,e875e6d59875be86fb8de8df7642c370b652eb76,org.apache.commons.math3.util.ResizableDoubleArrayTest,testSetElementArbitraryExpansion2,33
commons-math,abffaf334c4302047e013a112c286a9e4d2c967e,e875e6d59875be86fb8de8df7642c370b652eb76,org.apache.commons.math3.util.ResizableDoubleArrayTest,testWithInitialCapacityAndExpansionFactor,33
commons-math,2e5610586783c5a9462c4162fa0949f1dea6d5e1,630a53d5e48e9244b24da19af847ebef593fcdf5,org.apache.commons.math3.stat.FrequencyTest,testAdd,15
commons-math,2e5610586783c5a9462c4162fa0949f1dea6d5e1,630a53d5e48e9244b24da19af847ebef593fcdf5,org.apache.commons.math3.stat.FrequencyTest,testCounts,15
commons-math,2e5610586783c5a9462c4162fa0949f1dea6d5e1,630a53d5e48e9244b24da19af847ebef593fcdf5,org.apache.commons.math3.stat.FrequencyTest,testGetUniqueCount,15
commons-math,2e5610586783c5a9462c4162fa0949f1dea6d5e1,630a53d5e48e9244b24da19af847ebef593fcdf5,org.apache.commons.math3.stat.FrequencyTest,testIncrement,15
commons-math,2e5610586783c5a9462c4162fa0949f1dea6d5e1,630a53d5e48e9244b24da19af847ebef593fcdf5,org.apache.commons.math3.stat.FrequencyTest,testIntegerValues,15
commons-math,2e5610586783c5a9462c4162fa0949f1dea6d5e1,630a53d5e48e9244b24da19af847ebef593fcdf5,org.apache.commons.math3.stat.FrequencyTest,testMerge,15
commons-math,2e5610586783c5a9462c4162fa0949f1dea6d5e1,630a53d5e48e9244b24da19af847ebef593fcdf5,org.apache.commons.math3.stat.FrequencyTest,testMergeCollection,15
commons-math,2e5610586783c5a9462c4162fa0949f1dea6d5e1,630a53d5e48e9244b24da19af847ebef593fcdf5,org.apache.commons.math3.stat.FrequencyTest,testPcts,15
commons-math,2e5610586783c5a9462c4162fa0949f1dea6d5e1,630a53d5e48e9244b24da19af847ebef593fcdf5,org.apache.commons.math3.stat.FrequencyTest,testSerial,15
commons-math,2e5610586783c5a9462c4162fa0949f1dea6d5e1,630a53d5e48e9244b24da19af847ebef593fcdf5,org.apache.commons.math3.stat.FrequencyTest,testToString,15
commons-math,f2d9bc8f934db67a41cbce8c1c375270d43109ba,4f05aa7d181a279ef82b268f9a441b16d5505d70,org.apache.commons.math.analysis.BinaryFunctionTest,testAdd,32
commons-math,f2d9bc8f934db67a41cbce8c1c375270d43109ba,4f05aa7d181a279ef82b268f9a441b16d5505d70,org.apache.commons.math.analysis.BinaryFunctionTest,testDivide,32
commons-math,f2d9bc8f934db67a41cbce8c1c375270d43109ba,4f05aa7d181a279ef82b268f9a441b16d5505d70,org.apache.commons.math.analysis.BinaryFunctionTest,testMultiply,32
commons-math,f2d9bc8f934db67a41cbce8c1c375270d43109ba,4f05aa7d181a279ef82b268f9a441b16d5505d70,org.apache.commons.math.analysis.BinaryFunctionTest,testSubtract,32
commons-math,f2d9bc8f934db67a41cbce8c1c375270d43109ba,4f05aa7d181a279ef82b268f9a441b16d5505d70,org.apache.commons.math.analysis.ComposableFunctionTest,testIdentity,32
commons-math,f2d9bc8f934db67a41cbce8c1c375270d43109ba,4f05aa7d181a279ef82b268f9a441b16d5505d70,org.apache.commons.math.analysis.ComposableFunctionTest,testOne,32
commons-math,f2d9bc8f934db67a41cbce8c1c375270d43109ba,4f05aa7d181a279ef82b268f9a441b16d5505d70,org.apache.commons.math.analysis.ComposableFunctionTest,testZero,32
commons-math,a49d42bdf7601961662f63dea5c970b1ad33daab,32c230328895e78894c874b077382b77054dab99,org.apache.commons.math.stat.descriptive.moment.VectorialMeanTest,testBasicStats,12
commons-math,a49d42bdf7601961662f63dea5c970b1ad33daab,32c230328895e78894c874b077382b77054dab99,org.apache.commons.math.stat.descriptive.moment.VectorialMeanTest,testSimplistic,12
commons-math,a7b4803ffe2a05fdafbe01b1791c43897e2e2531,e4e1ac23c734f65686be4bc0e503f82f941afd4d,org.apache.commons.math4.ode.events.OverlappingEventsTest,testOverlappingEvents0,31
commons-math,a7b4803ffe2a05fdafbe01b1791c43897e2e2531,e4e1ac23c734f65686be4bc0e503f82f941afd4d,org.apache.commons.math4.ode.events.OverlappingEventsTest,testOverlappingEvents1,31
commons-math,a7b4803ffe2a05fdafbe01b1791c43897e2e2531,e4e1ac23c734f65686be4bc0e503f82f941afd4d,org.apache.commons.math4.random.SobolSequenceGeneratorTest,testConstructor2,31
commons-math,a7b4803ffe2a05fdafbe01b1791c43897e2e2531,e4e1ac23c734f65686be4bc0e503f82f941afd4d,org.apache.commons.math4.stat.inference.ChiSquareTestTest,testChiSquareLargeTestStatistic,31
commons-math,a7b4803ffe2a05fdafbe01b1791c43897e2e2531,e4e1ac23c734f65686be4bc0e503f82f941afd4d,org.apache.commons.math4.stat.inference.TestUtilsTest,testChiSquareLargeTestStatistic,31
commons-math,a7b4803ffe2a05fdafbe01b1791c43897e2e2531,e4e1ac23c734f65686be4bc0e503f82f941afd4d,org.apache.commons.math4.stat.regression.OLSMultipleLinearRegressionTest,testSingularCalculateBeta,31
commons-math,4fd62ba05b1e81e15ffaddc86fd97d6b100afa97,f936520bfad3a4e4fa8201e741de9bf9301fe49c,org.apache.commons.math3.analysis.interpolation.DividedDifferenceInterpolatorTest,testExpm1Function,33
commons-math,4fd62ba05b1e81e15ffaddc86fd97d6b100afa97,f936520bfad3a4e4fa8201e741de9bf9301fe49c,org.apache.commons.math3.analysis.interpolation.NevilleInterpolatorTest,testExpm1Function,33
commons-math,10eff3eafb3afb63eed02990d69d4b3f20988111,a3e44a59fa9a249d4bf11974625c919cec705afa,org.apache.commons.math3.primes.PrimesTest,testIsPrime,27
commons-math,abb6fb94bd529c8c5f7888045c0ad5c250d49a3f,dc9278a2aa4e5c307a46dd1b1d33d93bf536c8bc,org.apache.commons.math.analysis.polynomials.PolynomialFunctionTest,testfirstDerivativeComparison,14
commons-math,abb6fb94bd529c8c5f7888045c0ad5c250d49a3f,dc9278a2aa4e5c307a46dd1b1d33d93bf536c8bc,org.apache.commons.math.analysis.polynomials.PolynomialFunctionTest,testLinear,14
commons-math,abb6fb94bd529c8c5f7888045c0ad5c250d49a3f,dc9278a2aa4e5c307a46dd1b1d33d93bf536c8bc,org.apache.commons.math.analysis.polynomials.PolynomialFunctionTest,testQuintic,14
commons-math,abb6fb94bd529c8c5f7888045c0ad5c250d49a3f,dc9278a2aa4e5c307a46dd1b1d33d93bf536c8bc,org.apache.commons.math.random.ValueServerTest,testReplay,14
commons-math,b6e62ab83aab52e53a29f8e547f1d934e73b2a9a,4104b213685843ad6644fd02b4f4d92ec537ab8f,org.apache.commons.math3.util.FastMathTestPerformance,testAsin,16
commons-math,4039a1446040821a29d0f267b65d379cd1b782d2,e3f28223adf26c639a158662019ca9cf63c90230,org.apache.commons.math.random.RandomDataTest,testNextPoissonConsistency,34
commons-math,3e2570e1176aa125730efd58e6a2e543f5bacb7c,2e5610586783c5a9462c4162fa0949f1dea6d5e1,org.apache.commons.math3.stat.StatUtilsTest,testDifferenceStats,15
commons-math,3e2570e1176aa125730efd58e6a2e543f5bacb7c,2e5610586783c5a9462c4162fa0949f1dea6d5e1,org.apache.commons.math3.stat.StatUtilsTest,testMax,15
commons-math,3e2570e1176aa125730efd58e6a2e543f5bacb7c,2e5610586783c5a9462c4162fa0949f1dea6d5e1,org.apache.commons.math3.stat.StatUtilsTest,testMean,15
commons-math,3e2570e1176aa125730efd58e6a2e543f5bacb7c,2e5610586783c5a9462c4162fa0949f1dea6d5e1,org.apache.commons.math3.stat.StatUtilsTest,testMin,15
commons-math,3e2570e1176aa125730efd58e6a2e543f5bacb7c,2e5610586783c5a9462c4162fa0949f1dea6d5e1,org.apache.commons.math3.stat.StatUtilsTest,testN0andN1Conditions,15
commons-math,3e2570e1176aa125730efd58e6a2e543f5bacb7c,2e5610586783c5a9462c4162fa0949f1dea6d5e1,org.apache.commons.math3.stat.StatUtilsTest,testPercentile,15
commons-math,3e2570e1176aa125730efd58e6a2e543f5bacb7c,2e5610586783c5a9462c4162fa0949f1dea6d5e1,org.apache.commons.math3.stat.StatUtilsTest,testPopulationVariance,15
commons-math,3e2570e1176aa125730efd58e6a2e543f5bacb7c,2e5610586783c5a9462c4162fa0949f1dea6d5e1,org.apache.commons.math3.stat.StatUtilsTest,testProduct,15
commons-math,3e2570e1176aa125730efd58e6a2e543f5bacb7c,2e5610586783c5a9462c4162fa0949f1dea6d5e1,org.apache.commons.math3.stat.StatUtilsTest,testStats,15
commons-math,3e2570e1176aa125730efd58e6a2e543f5bacb7c,2e5610586783c5a9462c4162fa0949f1dea6d5e1,org.apache.commons.math3.stat.StatUtilsTest,testSumLog,15
commons-math,3e2570e1176aa125730efd58e6a2e543f5bacb7c,2e5610586783c5a9462c4162fa0949f1dea6d5e1,org.apache.commons.math3.stat.StatUtilsTest,testSumSq,15
commons-math,3e2570e1176aa125730efd58e6a2e543f5bacb7c,2e5610586783c5a9462c4162fa0949f1dea6d5e1,org.apache.commons.math3.stat.StatUtilsTest,testVariance,15
commons-math,6d50174baa3fa3c21ad8d20fa6f3c0a62cf74394,d746a54c2ee50711283bb49e557f58ca491e1bac,org.apache.commons.math4.exception.util.LocalizedFormatsTest,testMessageNumber,16
commons-math,1744e2803f1600761afb2ea8a91a7fd12f7fbc94,8af568eabb916ad2ff780fcd0838fdf29f57e97f,org.apache.commons.math3.analysis.polynomials.PolynomialFunctionTest,testfirstDerivativeComparison,20
commons-math,1744e2803f1600761afb2ea8a91a7fd12f7fbc94,8af568eabb916ad2ff780fcd0838fdf29f57e97f,org.apache.commons.math3.analysis.polynomials.PolynomialFunctionTest,testLinear,20
commons-math,1744e2803f1600761afb2ea8a91a7fd12f7fbc94,8af568eabb916ad2ff780fcd0838fdf29f57e97f,org.apache.commons.math3.analysis.polynomials.PolynomialFunctionTest,testMath341,20
commons-math,3f645310b52358ebdd36e8afa0f8ee98aadfabdd,196fa5d58bca841ac037e03dfbe090f4a1bc9cec,org.apache.commons.math.transform.FastHadamardTransformerTest,testNoIntInverse,15
commons-math,46d95b23ff8852c34e66d057387ef7b3b212cec6,e8e94f59360f776d638bc31abed86cc06a1d17a2,org.apache.commons.math3.ode.sampling.DummyStepInterpolatorTest,testImpossibleSerialization,32
commons-net,7de681849b0cb509f3e21c70714148250706e475,6eda86daf5dc2668edf4e352b6eed7cbe0dff5e5,org.apache.commons.net.tftp.TFTPServerPathTest,testReadOnly,35
commons-net,7de681849b0cb509f3e21c70714148250706e475,6eda86daf5dc2668edf4e352b6eed7cbe0dff5e5,org.apache.commons.net.tftp.TFTPServerPathTest,testWriteOnly,35
commons-net,7de681849b0cb509f3e21c70714148250706e475,6eda86daf5dc2668edf4e352b6eed7cbe0dff5e5,org.apache.commons.net.tftp.TFTPServerPathTest,testWriteOutsideHome,35
commons-net,a8ee23ca86892199ab1c4c4b3555a56602bb9568,cb17db7ce76142641138ac7000821324550a69a4,org.apache.commons.net.time.TimeTCPClientTest,testCompareTimes,23
commons-net,4c63aa0a52823e2fd3e4c18d72a27e82f9c8bcf6,1eeecab0f038a35b93faf57e0a9b85b733285a16,org.apache.commons.net.ftp.parser.FTPTimestampParserImplTest,testParseTimestampWithSlop,15
commons-pool,2af1eb5a26b362a2012d8f00b013297d5dc7b5d4,e24de2b2772a52baf1c5a5c4e664f8fd99eaf3c5,org.apache.commons.pool2.TestBaseObjectPool,testBaseAddObject,36
commons-pool,2af1eb5a26b362a2012d8f00b013297d5dc7b5d4,e24de2b2772a52baf1c5a5c4e664f8fd99eaf3c5,org.apache.commons.pool2.TestBaseObjectPool,testBaseBorrowReturn,36
commons-pool,2af1eb5a26b362a2012d8f00b013297d5dc7b5d4,e24de2b2772a52baf1c5a5c4e664f8fd99eaf3c5,org.apache.commons.pool2.TestBaseObjectPool,testBaseClear,36
commons-pool,2af1eb5a26b362a2012d8f00b013297d5dc7b5d4,e24de2b2772a52baf1c5a5c4e664f8fd99eaf3c5,org.apache.commons.pool2.TestBaseObjectPool,testBaseClosePool,36
commons-pool,2af1eb5a26b362a2012d8f00b013297d5dc7b5d4,e24de2b2772a52baf1c5a5c4e664f8fd99eaf3c5,org.apache.commons.pool2.TestBaseObjectPool,testBaseInvalidateObject,36
commons-pool,2af1eb5a26b362a2012d8f00b013297d5dc7b5d4,e24de2b2772a52baf1c5a5c4e664f8fd99eaf3c5,org.apache.commons.pool2.TestBaseObjectPool,testBaseNumActiveNumIdle,36
commons-pool,81d07c9c93b7ff2ad325501be965aa471738bd23,aaa7141af2a33e54521e1891b7403f39d603da21,org.apache.commons.pool2.TestPoolUtils,testJavaBeanInstantiation,12
commons-pool,23d5aa8fb508136454f30f81e0e4d8fa3fa1bf44,9879d5e28c2ef3a8f68a2d335842d95c3d839e75,org.apache.commons.pool2.TestBaseObjectPool,testClose,37
commons-pool,23d5aa8fb508136454f30f81e0e4d8fa3fa1bf44,9879d5e28c2ef3a8f68a2d335842d95c3d839e75,org.apache.commons.pool2.TestBaseObjectPool,testUnsupportedOperations,37
commons-pool,23d5aa8fb508136454f30f81e0e4d8fa3fa1bf44,9879d5e28c2ef3a8f68a2d335842d95c3d839e75,org.apache.commons.pool2.TestBasePoolableObjectFactory,testDefaultMethods,37
commons-text,17e5ee725a0e1478abf870ae9536fb69d085059b,51645b4f0653c2ceae59eba0b2ea09fd5f4b8c0f,org.apache.commons.text.translate.UnicodeUnpairedSurrogateRemoverTest,testInvalidCharacters,27
commons-text,17e5ee725a0e1478abf870ae9536fb69d085059b,51645b4f0653c2ceae59eba0b2ea09fd5f4b8c0f,org.apache.commons.text.translate.UnicodeUnpairedSurrogateRemoverTest,testValidCharacters,27
commons-text,61cbf0afe04d86a546e7094513328c9f7a7363ae,17e5ee725a0e1478abf870ae9536fb69d085059b,org.apache.commons.text.StrBuilderTest,testGetSetNewLineText,28
commons-text,61cbf0afe04d86a546e7094513328c9f7a7363ae,17e5ee725a0e1478abf870ae9536fb69d085059b,org.apache.commons.text.StrBuilderTest,testGetSetNullText,28
commons-text,61cbf0afe04d86a546e7094513328c9f7a7363ae,17e5ee725a0e1478abf870ae9536fb69d085059b,org.apache.commons.text.StrLookupTest,testMapLookup_nullMap,28
commons-text,61cbf0afe04d86a546e7094513328c9f7a7363ae,17e5ee725a0e1478abf870ae9536fb69d085059b,org.apache.commons.text.StrLookupTest,testNoneLookup,28
commons-text,61cbf0afe04d86a546e7094513328c9f7a7363ae,17e5ee725a0e1478abf870ae9536fb69d085059b,org.apache.commons.text.StrLookupTest,testSystemProperiesLookup,28
commons-text,61cbf0afe04d86a546e7094513328c9f7a7363ae,17e5ee725a0e1478abf870ae9536fb69d085059b,org.apache.commons.text.StrTokenizerTest,testBasicEmpty2,28
commons-text,61cbf0afe04d86a546e7094513328c9f7a7363ae,17e5ee725a0e1478abf870ae9536fb69d085059b,org.apache.commons.text.StrTokenizerTest,testBasicIgnoreTrimmed1,28
commons-text,61cbf0afe04d86a546e7094513328c9f7a7363ae,17e5ee725a0e1478abf870ae9536fb69d085059b,org.apache.commons.text.StrTokenizerTest,testBasicIgnoreTrimmed2,28
commons-text,61cbf0afe04d86a546e7094513328c9f7a7363ae,17e5ee725a0e1478abf870ae9536fb69d085059b,org.apache.commons.text.StrTokenizerTest,testBasicIgnoreTrimmed4,28
commons-text,61cbf0afe04d86a546e7094513328c9f7a7363ae,17e5ee725a0e1478abf870ae9536fb69d085059b,org.apache.commons.text.StrTokenizerTest,testBasicQuoted2,28
commons-text,61cbf0afe04d86a546e7094513328c9f7a7363ae,17e5ee725a0e1478abf870ae9536fb69d085059b,org.apache.commons.text.StrTokenizerTest,testBasicQuotedTrimmed1,28
commons-text,61cbf0afe04d86a546e7094513328c9f7a7363ae,17e5ee725a0e1478abf870ae9536fb69d085059b,org.apache.commons.text.StrTokenizerTest,testBasicTrimmed1,28
commons-text,61cbf0afe04d86a546e7094513328c9f7a7363ae,17e5ee725a0e1478abf870ae9536fb69d085059b,org.apache.commons.text.StrTokenizerTest,testBasicTrimmed2,28
commons-text,61cbf0afe04d86a546e7094513328c9f7a7363ae,17e5ee725a0e1478abf870ae9536fb69d085059b,org.apache.commons.text.StrTokenizerTest,testCloneNull,28
commons-text,61cbf0afe04d86a546e7094513328c9f7a7363ae,17e5ee725a0e1478abf870ae9536fb69d085059b,org.apache.commons.text.StrTokenizerTest,testGetContent,28
commons-text,3554c40a09288ba85313219c58e8084f3dcd885f,50c38d6c0eedc8f8a6530a7f19b3ca940bd25927,org.apache.commons.text.ExtendedMessageFormatTest,testBuiltInDateTimeFormat,16
commons-text,8f7d0494d19a54b1606d0d7779ff4754c3d66b23,e55d0ac1c17a7fd71dbb4f65034c7b739be6a35a,org.apache.commons.text.similarity.FuzzyScoreTest,testGetLocale,38
commons-text,8f7d0494d19a54b1606d0d7779ff4754c3d66b23,e55d0ac1c17a7fd71dbb4f65034c7b739be6a35a,org.apache.commons.text.StrBuilderAppendInsertTest,testAppendln_Boolean,38
commons-text,8f7d0494d19a54b1606d0d7779ff4754c3d66b23,e55d0ac1c17a7fd71dbb4f65034c7b739be6a35a,org.apache.commons.text.StrBuilderAppendInsertTest,testAppendln_Object,38
commons-text,8f7d0494d19a54b1606d0d7779ff4754c3d66b23,e55d0ac1c17a7fd71dbb4f65034c7b739be6a35a,org.apache.commons.text.StrBuilderAppendInsertTest,testAppendln_PrimitiveNumber,38
commons-text,8f7d0494d19a54b1606d0d7779ff4754c3d66b23,e55d0ac1c17a7fd71dbb4f65034c7b739be6a35a,org.apache.commons.text.StrBuilderAppendInsertTest,testAppendNewLine,38
commons-text,8f7d0494d19a54b1606d0d7779ff4754c3d66b23,e55d0ac1c17a7fd71dbb4f65034c7b739be6a35a,org.apache.commons.text.translate.CsvTranslatorsTest,csvEscaperPlaneTextTest,38
commons-text,8f7d0494d19a54b1606d0d7779ff4754c3d66b23,e55d0ac1c17a7fd71dbb4f65034c7b739be6a35a,org.apache.commons.text.translate.CsvTranslatorsTest,csvUnEscaperTest2,38
commons-text,8f7d0494d19a54b1606d0d7779ff4754c3d66b23,e55d0ac1c17a7fd71dbb4f65034c7b739be6a35a,org.apache.commons.text.translate.CsvTranslatorsTest,csvUnEscaperTest3,38
commons-text,8f7d0494d19a54b1606d0d7779ff4754c3d66b23,e55d0ac1c17a7fd71dbb4f65034c7b739be6a35a,org.apache.commons.text.translate.JavaUnicodeEscaperTest,testToUtf16Escape,38
commons-text,3fcc4e8586807424fff21ee1f55fc2779ae78524,997a613477a170926f5e82d693cc5cf2f4d1e473,org.apache.commons.text.StrBuilderTest,testAppendStringBuilderNull,15
commons-validator,6aa38523e82d96491463f0ba561fbd6c1d13bfe1,6557ab539177a1a130ab33c0ffb7c3ed3a9c6c4b,org.apache.commons.validator.routines.DateValidatorTest,testCompare,16
commons-validator,27ee44fb05078102402c2b7be6ab7864063dccf6,562c880b48b56d6cef6095be3f4793141fd9fa24,org.apache.commons.validator.util.FlagsTest,testTurnOnAll,16
commons-validator,3721b60f4efb87035e18df7c789f40592a600623,eb0d74bc8ad21b9ab7f588a9fcf129001ca3d09f,org.apache.commons.validator.routines.CurrencyValidatorTest,testFormatType,13
commons-validator,3721b60f4efb87035e18df7c789f40592a600623,eb0d74bc8ad21b9ab7f588a9fcf129001ca3d09f,org.apache.commons.validator.routines.PercentValidatorTest,testFormatType,13
