commons-fileupload,04d808a57a8b84171a1fa9c82e1c6405e288a57b,org.apache.commons.fileupload.DiskFileItemSerializeTest,testValidRepository,10,#10
commons-lang,1ced894df70d66f3a786c2c8cd6e23e0d4263d91,org.apache.commons.lang3.StringUtilsEqualsIndexOfTest,testContainsStringWithSupplementaryChars,66,#66
commons-lang,bc52782cd84f4356d2984e1aa01806f81754eb08,org.apache.commons.lang3.StringUtilsEqualsIndexOfTest,testContains_Char,66,#66
commons-lang,bc52782cd84f4356d2984e1aa01806f81754eb08,org.apache.commons.lang3.StringUtilsEqualsIndexOfTest,testContains_String,66,#66
commons-lang,bc52782cd84f4356d2984e1aa01806f81754eb08,org.apache.commons.lang3.StringUtilsEqualsIndexOfTest,testContains_StringWithBadSupplementaryChars,66,#66
commons-lang,bc52782cd84f4356d2984e1aa01806f81754eb08,org.apache.commons.lang3.StringUtilsEqualsIndexOfTest,testContains_StringWithSupplementaryChars,66,#66
commons-lang,d65b9d2bed09847ef28b9ceb30c9f8a96e0c12fe,org.apache.commons.lang3.CharUtilsTest,testToChar_Character,64,#64
commons-lang,d65b9d2bed09847ef28b9ceb30c9f8a96e0c12fe,org.apache.commons.lang3.CharUtilsTest,testToChar_String,64,#64
commons-lang,d65b9d2bed09847ef28b9ceb30c9f8a96e0c12fe,org.apache.commons.lang3.CharUtilsTest,testToIntValue_char,64,#64
commons-lang,d65b9d2bed09847ef28b9ceb30c9f8a96e0c12fe,org.apache.commons.lang3.CharUtilsTest,testToIntValue_Character,64,#64
commons-lang,88654b79c92386b7c411f064cc373e7698a49449,org.apache.commons.lang3.RandomStringUtilsTest,testCharOverflow,67,#67
commons-lang,96a1a31d734e663af5c9bcda58c7bb5870e8a363,org.apache.commons.lang3.ClassUtilsTest,test_getShortCanonicalName_Class,16,#16
commons-lang,96a1a31d734e663af5c9bcda58c7bb5870e8a363,org.apache.commons.lang3.ClassUtilsTest,test_getShortCanonicalName_Object,16,#16
commons-lang,96a1a31d734e663af5c9bcda58c7bb5870e8a363,org.apache.commons.lang3.ClassUtilsTest,test_getShortClassName_Class,16,#16
commons-lang,96a1a31d734e663af5c9bcda58c7bb5870e8a363,org.apache.commons.lang3.ClassUtilsTest,test_getShortClassName_Object,16,#16
commons-lang,ae862ae116f2056421ab8d6e997e7b64a95828a5,org.apache.commons.lang3.CharUtilsTest,testIsAscii_char,16,#16
commons-lang,3a818ed6a833f083a2db9bb6804c1bdb43b9b0ec,org.apache.commons.lang3.ArrayUtilsTest,testGetLength,48,#48
commons-lang,1f0dfc31b51a445eb2cfbee5321800cf51e10b67,org.apache.commons.lang3.ArrayUtilsTest,testCreatePrimitiveArray,7,#7
commons-lang,1f0dfc31b51a445eb2cfbee5321800cf51e10b67,org.apache.commons.lang3.ArrayUtilsTest,testShuffle,7,#7
commons-lang,1f0dfc31b51a445eb2cfbee5321800cf51e10b67,org.apache.commons.lang3.ArrayUtilsTest,testShuffleBoolean,7,#7
commons-lang,1f0dfc31b51a445eb2cfbee5321800cf51e10b67,org.apache.commons.lang3.ArrayUtilsTest,testShuffleByte,7,#7
commons-lang,1f0dfc31b51a445eb2cfbee5321800cf51e10b67,org.apache.commons.lang3.ArrayUtilsTest,testShuffleChar,7,#7
commons-lang,1f0dfc31b51a445eb2cfbee5321800cf51e10b67,org.apache.commons.lang3.ArrayUtilsTest,testShuffleDouble,7,#7
commons-lang,1f0dfc31b51a445eb2cfbee5321800cf51e10b67,org.apache.commons.lang3.ArrayUtilsTest,testShuffleFloat,7,#7
commons-lang,1f0dfc31b51a445eb2cfbee5321800cf51e10b67,org.apache.commons.lang3.ArrayUtilsTest,testShuffleInt,7,#7
commons-lang,1f0dfc31b51a445eb2cfbee5321800cf51e10b67,org.apache.commons.lang3.ArrayUtilsTest,testShuffleLong,7,#7
commons-lang,1f0dfc31b51a445eb2cfbee5321800cf51e10b67,org.apache.commons.lang3.ArrayUtilsTest,testShuffleShort,7,#7
commons-lang,ae924788d9b222beefa1723b3d704975fc4e877a,org.apache.commons.lang3.StringEscapeUtilsTest,testEscapeEcmaScript,28,#28
commons-lang,ae924788d9b222beefa1723b3d704975fc4e877a,org.apache.commons.lang3.StringEscapeUtilsTest,testEscapeJava,28,#28
commons-lang,ae924788d9b222beefa1723b3d704975fc4e877a,org.apache.commons.lang3.StringEscapeUtilsTest,testEscapeJson,28,#28
commons-lang,ae924788d9b222beefa1723b3d704975fc4e877a,org.apache.commons.lang3.StringEscapeUtilsTest,testEscapeXml,28,#28
commons-lang,ae924788d9b222beefa1723b3d704975fc4e877a,org.apache.commons.lang3.StringEscapeUtilsTest,testUnescapeEcmaScript,28,#28
commons-lang,ae924788d9b222beefa1723b3d704975fc4e877a,org.apache.commons.lang3.StringEscapeUtilsTest,testUnescapeJava,28,#28
commons-lang,ae924788d9b222beefa1723b3d704975fc4e877a,org.apache.commons.lang3.StringEscapeUtilsTest,testUnescapeJson,28,#28
commons-lang,7d061e33e59e23dc4b03378f35f50a7d70f033b3,org.apache.commons.lang3.concurrent.EventCountCircuitBreakerTest,testOpeningWhenThresholdReachedThroughBatch,66,#66
commons-lang,b24ecd60fe9517bef1d6342e479e9bc3d85ef692,org.apache.commons.lang3.SystemUtilsTest,testIS_JAVA,46,#46
commons-bcel,f640f4ea1b89be01d820cb8d25bc27d6506f89bb,org.apache.bcel.generic.InstructionHandleTestCase,testGetIHnull,14,#14
commons-beanutils,3d129b7e2f6373f7885336225d3edc93b3f624d2,org.apache.commons.beanutils.bugs.Jira422TestCase,testRootBean,12,#12
commons-beanutils,3d129b7e2f6373f7885336225d3edc93b3f624d2,org.apache.commons.beanutils.bugs.Jira422TestCase,testSecondChildBean,12,#12
commons-cli,269eae18a911f792895d0402f5dd4e7913410523,org.apache.commons.cli.OptionTest,testHashCode,66,#66
commons-cli,60835e2f29d4ec09eead7789405d99f92c36a29e,org.apache.commons.cli.GnuParserTest,testAmbiguousPartialLongOption3,14,#14
commons-cli,f6af62367494ff8d0d7844f7f435e5ee36c81dcf,org.apache.commons.cli.PosixParserTest,testAmbiguousLongWithoutEqualSingleDash,21,#21
commons-cli,f6af62367494ff8d0d7844f7f435e5ee36c81dcf,org.apache.commons.cli.PosixParserTest,testAmbiguousPartialLongOption4,21,#21
commons-cli,f6af62367494ff8d0d7844f7f435e5ee36c81dcf,org.apache.commons.cli.PosixParserTest,testDoubleDash2,21,#21
commons-cli,f6af62367494ff8d0d7844f7f435e5ee36c81dcf,org.apache.commons.cli.PosixParserTest,testLongWithEqualSingleDash,21,#21
commons-cli,f6af62367494ff8d0d7844f7f435e5ee36c81dcf,org.apache.commons.cli.PosixParserTest,testLongWithoutEqualSingleDash,21,#21
commons-cli,f6af62367494ff8d0d7844f7f435e5ee36c81dcf,org.apache.commons.cli.PosixParserTest,testLongWithUnexpectedArgument1,21,#21
commons-cli,f6af62367494ff8d0d7844f7f435e5ee36c81dcf,org.apache.commons.cli.PosixParserTest,testNegativeOption,21,#21
commons-cli,f6af62367494ff8d0d7844f7f435e5ee36c81dcf,org.apache.commons.cli.PosixParserTest,testShortWithEqual,21,#21
commons-cli,f6af62367494ff8d0d7844f7f435e5ee36c81dcf,org.apache.commons.cli.PosixParserTest,testUnambiguousPartialLongOption4,21,#21
commons-codec,c5154bc584847d19e75c421b71e2f3499164d2a9,org.apache.commons.codec.binary.HexTest,testCustomCharsetBadName,14,#14
commons-codec,c5154bc584847d19e75c421b71e2f3499164d2a9,org.apache.commons.codec.binary.HexTest,testDecodeByteArrayOddCharacters,14,#14
commons-codec,c5154bc584847d19e75c421b71e2f3499164d2a9,org.apache.commons.codec.binary.HexTest,testDecodeByteBufferOddCharacters,6,#6
commons-codec,c5154bc584847d19e75c421b71e2f3499164d2a9,org.apache.commons.codec.binary.HexTest,testDecodeCharArrayEmpty,14,#14
commons-codec,c5154bc584847d19e75c421b71e2f3499164d2a9,org.apache.commons.codec.binary.HexTest,testDecodeHexCharArrayOddCharacters1,14,#14
commons-codec,c5154bc584847d19e75c421b71e2f3499164d2a9,org.apache.commons.codec.binary.HexTest,testDecodeHexCharArrayOddCharacters3,14,#14
commons-codec,c5154bc584847d19e75c421b71e2f3499164d2a9,org.apache.commons.codec.binary.HexTest,testDecodeHexCharArrayOddCharacters5,14,#14
commons-codec,c5154bc584847d19e75c421b71e2f3499164d2a9,org.apache.commons.codec.binary.HexTest,testGetCharset,66,#66
commons-codec,c5154bc584847d19e75c421b71e2f3499164d2a9,org.apache.commons.codec.binary.HexTest,testGetCharsetName,66,#66
commons-codec,d2f27093d7d95a07da901902f894d88b4ecc3e95,org.apache.commons.codec.binary.StringUtilsTest,testNewStringIso8859_1,12,#12
commons-codec,d2f27093d7d95a07da901902f894d88b4ecc3e95,org.apache.commons.codec.binary.StringUtilsTest,testNewStringNullInput_CODEC229,66,#66
commons-codec,1b7b452c7e49efd2bf6fbca0b4239c7aedc993db,org.apache.commons.codec.binary.HexTest,testDecodeHexCharArrayEmpty,15,#15
commons-codec,1b7b452c7e49efd2bf6fbca0b4239c7aedc993db,org.apache.commons.codec.binary.HexTest,testDecodeHexStringOddCharacters1,66,#66
commons-codec,c82fe35c48bd0082c16644d16d82d1be79d6b9d1,org.apache.commons.codec.binary.Base32Test,testCodec200,66,#66
commons-codec,208d3dba9a64dd95f86fb105bcba4ed50ecceb30,org.apache.commons.codec.binary.Base32InputStreamTest,testAvailable,1,#1
commons-codec,208d3dba9a64dd95f86fb105bcba4ed50ecceb30,org.apache.commons.codec.binary.Base32InputStreamTest,testCodec105,1,#1
commons-codec,208d3dba9a64dd95f86fb105bcba4ed50ecceb30,org.apache.commons.codec.binary.Base32InputStreamTest,testCodec130,1,#1
commons-codec,208d3dba9a64dd95f86fb105bcba4ed50ecceb30,org.apache.commons.codec.binary.Base32InputStreamTest,testMarkSupported,1,#1
commons-codec,208d3dba9a64dd95f86fb105bcba4ed50ecceb30,org.apache.commons.codec.binary.Base32InputStreamTest,testRead0,1,#1
commons-codec,208d3dba9a64dd95f86fb105bcba4ed50ecceb30,org.apache.commons.codec.binary.Base32InputStreamTest,testReadNull,1,#1
commons-codec,208d3dba9a64dd95f86fb105bcba4ed50ecceb30,org.apache.commons.codec.binary.Base32InputStreamTest,testReadOutOfBounds,1,#1
commons-codec,208d3dba9a64dd95f86fb105bcba4ed50ecceb30,org.apache.commons.codec.binary.Base32InputStreamTest,testSkipBig,1,#1
commons-codec,208d3dba9a64dd95f86fb105bcba4ed50ecceb30,org.apache.commons.codec.binary.Base32InputStreamTest,testSkipNone,1,#1
commons-codec,208d3dba9a64dd95f86fb105bcba4ed50ecceb30,org.apache.commons.codec.binary.Base32InputStreamTest,testSkipPastEnd,1,#1
commons-codec,208d3dba9a64dd95f86fb105bcba4ed50ecceb30,org.apache.commons.codec.binary.Base32InputStreamTest,testSkipToEnd,1,#1
commons-codec,208d3dba9a64dd95f86fb105bcba4ed50ecceb30,org.apache.commons.codec.binary.Base32InputStreamTest,testSkipWrongArgument,1,#1
commons-codec,7817bfdadb9cda107955de03d3d15d64ab89b5dc,org.apache.commons.codec.binary.Base64Test,testCodeIntegerEdgeCases,14,#14
commons-codec,7817bfdadb9cda107955de03d3d15d64ab89b5dc,org.apache.commons.codec.binary.Base64Test,testRfc1421Section6Dot8ChunkSizeDefinition,14,#14
commons-codec,7817bfdadb9cda107955de03d3d15d64ab89b5dc,org.apache.commons.codec.binary.Base64Test,testRfc2045Section6Dot8ChunkSizeDefinition,14,#14
commons-codec,5ef5bd199a4e3df74479b4b363fa29b0b3092547,org.apache.commons.codec.binary.StringUtilsTest,testEqualsString,66,#66
commons-codec,afc89ebca46a71a9a3a91c9ddea6e17b49282479,org.apache.commons.codec.binary.Base64Test,testCodeIntegerEdgeCases,78,#78
commons-codec,afc89ebca46a71a9a3a91c9ddea6e17b49282479,org.apache.commons.codec.binary.Base64Test,testRfc1421Section6Dot8ChunkSizeDefinition,78,#78
commons-codec,afc89ebca46a71a9a3a91c9ddea6e17b49282479,org.apache.commons.codec.binary.Base64Test,testRfc2045Section6Dot8ChunkSizeDefinition,78,#78
commons-collections,712ddb1e193967c27f5624485938e7de5d732c6b,org.apache.commons.collections4.TransformerUtilsTest,testIfTransformer,67,#67
commons-collections,8713af90d540e7bb01f8ba1fd99f6c04e41a7433,org.apache.commons.collections4.IteratorUtilsTest,testToArray,46,#46
commons-collections,8713af90d540e7bb01f8ba1fd99f6c04e41a7433,org.apache.commons.collections4.IteratorUtilsTest,testToArray2,46,#46
commons-collections,8713af90d540e7bb01f8ba1fd99f6c04e41a7433,org.apache.commons.collections4.IteratorUtilsTest,testToListIterator,66,#66
commons-collections,8713af90d540e7bb01f8ba1fd99f6c04e41a7433,org.apache.commons.collections4.IteratorUtilsTest,testToListIteratorNull,66,#66
commons-collections,992ab3c9f2855034f24ee3f7638f57126bc1cb93,org.apache.commons.collections4.MultiMapUtilsTest,testEmptyUnmodifiableMultiValuedMap,3,#3
commons-collections,992ab3c9f2855034f24ee3f7638f57126bc1cb93,org.apache.commons.collections4.MultiMapUtilsTest,testGetCollection,3,#3
commons-collections,992ab3c9f2855034f24ee3f7638f57126bc1cb93,org.apache.commons.collections4.MultiMapUtilsTest,testTypeSafeEmptyMultiValuedMap,3,#3
commons-collections,d684f950c4a29d10097590cbe4346ad6e82e5e25,org.apache.commons.collections4.EnumerationUtilsTest,testToListWithHashtable,12,#12
commons-collections,d684f950c4a29d10097590cbe4346ad6e82e5e25,org.apache.commons.collections4.EnumerationUtilsTest,testToListWithStringTokenizer,12,#12
commons-collections,d684f950c4a29d10097590cbe4346ad6e82e5e25,org.apache.commons.collections4.IteratorUtilsTest,testArrayIterator,12,#12
commons-collections,d684f950c4a29d10097590cbe4346ad6e82e5e25,org.apache.commons.collections4.IteratorUtilsTest,testArrayListIterator,12,#12
commons-collections,d684f950c4a29d10097590cbe4346ad6e82e5e25,org.apache.commons.collections4.IteratorUtilsTest,testAsIterable,12,#12
commons-collections,d684f950c4a29d10097590cbe4346ad6e82e5e25,org.apache.commons.collections4.IteratorUtilsTest,testAsIterableNull,12,#12
commons-collections,d684f950c4a29d10097590cbe4346ad6e82e5e25,org.apache.commons.collections4.IteratorUtilsTest,testAsMultipleIterable,12,#12
commons-collections,d684f950c4a29d10097590cbe4346ad6e82e5e25,org.apache.commons.collections4.IteratorUtilsTest,testAsMultipleIterableNull,12,#12
commons-collections,d684f950c4a29d10097590cbe4346ad6e82e5e25,org.apache.commons.collections4.IteratorUtilsTest,testEmptyIterator,12,#12
commons-collections,d684f950c4a29d10097590cbe4346ad6e82e5e25,org.apache.commons.collections4.IteratorUtilsTest,testEmptyListIterator,12,#12
commons-collections,d684f950c4a29d10097590cbe4346ad6e82e5e25,org.apache.commons.collections4.IteratorUtilsTest,testEmptyMapIterator,12,#12
commons-collections,d684f950c4a29d10097590cbe4346ad6e82e5e25,org.apache.commons.collections4.IteratorUtilsTest,testEmptyOrderedIterator,12,#12
commons-collections,d684f950c4a29d10097590cbe4346ad6e82e5e25,org.apache.commons.collections4.IteratorUtilsTest,testEmptyOrderedMapIterator,12,#12
commons-collections,d684f950c4a29d10097590cbe4346ad6e82e5e25,org.apache.commons.collections4.IteratorUtilsTest,testNodeIterator,12,#12
commons-collections,d684f950c4a29d10097590cbe4346ad6e82e5e25,org.apache.commons.collections4.IteratorUtilsTest,testNodeListIterator,12,#12
commons-collections,d684f950c4a29d10097590cbe4346ad6e82e5e25,org.apache.commons.collections4.IteratorUtilsTest,testToArray,12,#12
commons-collections,d684f950c4a29d10097590cbe4346ad6e82e5e25,org.apache.commons.collections4.IteratorUtilsTest,testToArray2,12,#12
commons-collections,d684f950c4a29d10097590cbe4346ad6e82e5e25,org.apache.commons.collections4.IteratorUtilsTest,testToList,12,#12
commons-collections,d684f950c4a29d10097590cbe4346ad6e82e5e25,org.apache.commons.collections4.IteratorUtilsTest,testUnmodifiableIteratorImmutability,12,#12
commons-collections,d684f950c4a29d10097590cbe4346ad6e82e5e25,org.apache.commons.collections4.IteratorUtilsTest,testUnmodifiableIteratorIteration,12,#12
commons-collections,d684f950c4a29d10097590cbe4346ad6e82e5e25,org.apache.commons.collections4.IteratorUtilsTest,testUnmodifiableListIteratorImmutability,12,#12
commons-collections,d684f950c4a29d10097590cbe4346ad6e82e5e25,org.apache.commons.collections4.IteratorUtilsTest,testUnmodifiableListIteratorIteration,12,#12
commons-collections,d4fbeefc52919ce6a50a95e80eca04492d1734a8,org.apache.commons.collections4.BagUtilsTest,testPredicatedBag,12,#12
commons-collections,d4fbeefc52919ce6a50a95e80eca04492d1734a8,org.apache.commons.collections4.BagUtilsTest,testPredicatedSortedBag,12,#12
commons-collections,d4fbeefc52919ce6a50a95e80eca04492d1734a8,org.apache.commons.collections4.BagUtilsTest,testSynchronizedBag,12,#12
commons-collections,d4fbeefc52919ce6a50a95e80eca04492d1734a8,org.apache.commons.collections4.BagUtilsTest,testSynchronizedSortedBag,12,#12
commons-collections,d4fbeefc52919ce6a50a95e80eca04492d1734a8,org.apache.commons.collections4.BagUtilsTest,testTransformedBag,12,#12
commons-collections,d4fbeefc52919ce6a50a95e80eca04492d1734a8,org.apache.commons.collections4.BagUtilsTest,testTransformedSortedBag,12,#12
commons-collections,d4fbeefc52919ce6a50a95e80eca04492d1734a8,org.apache.commons.collections4.BagUtilsTest,testUnmodifiableBag,12,#12
commons-collections,d4fbeefc52919ce6a50a95e80eca04492d1734a8,org.apache.commons.collections4.BagUtilsTest,testUnmodifiableSortedBag,12,#12
commons-collections,d4fbeefc52919ce6a50a95e80eca04492d1734a8,org.apache.commons.collections4.ListUtilsTest,testDefaultIfNull,12,#12
commons-collections,d4fbeefc52919ce6a50a95e80eca04492d1734a8,org.apache.commons.collections4.ListUtilsTest,testEmptyIfNull,12,#12
commons-collections,d4fbeefc52919ce6a50a95e80eca04492d1734a8,org.apache.commons.collections4.ListUtilsTest,testEquals,12,#12
commons-collections,d4fbeefc52919ce6a50a95e80eca04492d1734a8,org.apache.commons.collections4.ListUtilsTest,testHashCode,12,#12
commons-collections,d4fbeefc52919ce6a50a95e80eca04492d1734a8,org.apache.commons.collections4.ListUtilsTest,testIndexOf,12,#12
commons-collections,d4fbeefc52919ce6a50a95e80eca04492d1734a8,org.apache.commons.collections4.ListUtilsTest,testIntersectEmptyWithEmptyList,12,#12
commons-collections,d4fbeefc52919ce6a50a95e80eca04492d1734a8,org.apache.commons.collections4.ListUtilsTest,testIntersectionOrderInsensitivity,12,#12
commons-collections,d4fbeefc52919ce6a50a95e80eca04492d1734a8,org.apache.commons.collections4.ListUtilsTest,testIntersectListWithNoOverlapAndDifferentTypes,12,#12
commons-collections,d4fbeefc52919ce6a50a95e80eca04492d1734a8,org.apache.commons.collections4.ListUtilsTest,testIntersectListWithSelf,12,#12
commons-collections,d4fbeefc52919ce6a50a95e80eca04492d1734a8,org.apache.commons.collections4.ListUtilsTest,testIntersectNonEmptySubset,12,#12
commons-collections,d4fbeefc52919ce6a50a95e80eca04492d1734a8,org.apache.commons.collections4.ListUtilsTest,testIntersectNonEmptyWithEmptyList,12,#12
commons-collections,d4fbeefc52919ce6a50a95e80eca04492d1734a8,org.apache.commons.collections4.ListUtilsTest,testLazyList,12,#12
commons-collections,d4fbeefc52919ce6a50a95e80eca04492d1734a8,org.apache.commons.collections4.ListUtilsTest,testLongestCommonSubsequence,12,#12
commons-collections,d4fbeefc52919ce6a50a95e80eca04492d1734a8,org.apache.commons.collections4.ListUtilsTest,testLongestCommonSubsequenceWithString,12,#12
commons-collections,d4fbeefc52919ce6a50a95e80eca04492d1734a8,org.apache.commons.collections4.ListUtilsTest,testPartition,12,#12
commons-collections,d4fbeefc52919ce6a50a95e80eca04492d1734a8,org.apache.commons.collections4.ListUtilsTest,testPredicatedList,12,#12
commons-collections,d4fbeefc52919ce6a50a95e80eca04492d1734a8,org.apache.commons.collections4.ListUtilsTest,testRemoveAll,12,#12
commons-collections,d4fbeefc52919ce6a50a95e80eca04492d1734a8,org.apache.commons.collections4.ListUtilsTest,testRetainAll,12,#12
commons-collections,d4fbeefc52919ce6a50a95e80eca04492d1734a8,org.apache.commons.collections4.ListUtilsTest,testSelect,12,#12
commons-collections,d4fbeefc52919ce6a50a95e80eca04492d1734a8,org.apache.commons.collections4.ListUtilsTest,testSelectRejected,12,#12
commons-collections,d4fbeefc52919ce6a50a95e80eca04492d1734a8,org.apache.commons.collections4.ListUtilsTest,testSubtract,12,#12
commons-collections,d4fbeefc52919ce6a50a95e80eca04492d1734a8,org.apache.commons.collections4.ListUtilsTest,testSubtractNullElement,12,#12
commons-collections,d4fbeefc52919ce6a50a95e80eca04492d1734a8,org.apache.commons.collections4.MapUtilsTest,testConvertResourceBundle,12,#12
commons-collections,d4fbeefc52919ce6a50a95e80eca04492d1734a8,org.apache.commons.collections4.MapUtilsTest,testDebugAndVerbosePrintCasting,12,#12
commons-collections,d4fbeefc52919ce6a50a95e80eca04492d1734a8,org.apache.commons.collections4.MapUtilsTest,testDebugAndVerbosePrintNullMap,12,#12
commons-collections,d4fbeefc52919ce6a50a95e80eca04492d1734a8,org.apache.commons.collections4.MapUtilsTest,testDebugPrint,12,#12
commons-collections,d4fbeefc52919ce6a50a95e80eca04492d1734a8,org.apache.commons.collections4.MapUtilsTest,testDebugPrintNullKey,12,#12
commons-collections,d4fbeefc52919ce6a50a95e80eca04492d1734a8,org.apache.commons.collections4.MapUtilsTest,testDebugPrintNullKeyToMap1,12,#12
commons-collections,d4fbeefc52919ce6a50a95e80eca04492d1734a8,org.apache.commons.collections4.MapUtilsTest,testDebugPrintNullKeyToMap2,12,#12
commons-collections,d4fbeefc52919ce6a50a95e80eca04492d1734a8,org.apache.commons.collections4.MapUtilsTest,testDebugPrintNullLabel,12,#12
commons-collections,d4fbeefc52919ce6a50a95e80eca04492d1734a8,org.apache.commons.collections4.MapUtilsTest,testDebugPrintNullLabelAndMap,12,#12
commons-collections,d4fbeefc52919ce6a50a95e80eca04492d1734a8,org.apache.commons.collections4.MapUtilsTest,testDebugPrintNullStream,12,#12
commons-collections,d4fbeefc52919ce6a50a95e80eca04492d1734a8,org.apache.commons.collections4.MapUtilsTest,testDebugPrintSelfReference,12,#12
commons-collections,d4fbeefc52919ce6a50a95e80eca04492d1734a8,org.apache.commons.collections4.MapUtilsTest,testEmptyIfNull,12,#12
commons-collections,d4fbeefc52919ce6a50a95e80eca04492d1734a8,org.apache.commons.collections4.MapUtilsTest,testInvertMap,12,#12
commons-collections,d4fbeefc52919ce6a50a95e80eca04492d1734a8,org.apache.commons.collections4.MapUtilsTest,testIsEmptyWithEmptyMap,12,#12
commons-collections,d4fbeefc52919ce6a50a95e80eca04492d1734a8,org.apache.commons.collections4.MapUtilsTest,testIsEmptyWithNonEmptyMap,12,#12
commons-collections,d4fbeefc52919ce6a50a95e80eca04492d1734a8,org.apache.commons.collections4.MapUtilsTest,testIsEmptyWithNull,12,#12
commons-collections,d4fbeefc52919ce6a50a95e80eca04492d1734a8,org.apache.commons.collections4.MapUtilsTest,testIsNotEmptyWithEmptyMap,12,#12
commons-collections,d4fbeefc52919ce6a50a95e80eca04492d1734a8,org.apache.commons.collections4.MapUtilsTest,testIsNotEmptyWithNonEmptyMap,12,#12
commons-collections,d4fbeefc52919ce6a50a95e80eca04492d1734a8,org.apache.commons.collections4.MapUtilsTest,testIsNotEmptyWithNull,12,#12
commons-collections,d4fbeefc52919ce6a50a95e80eca04492d1734a8,org.apache.commons.collections4.MapUtilsTest,testIterableMap,12,#12
commons-collections,d4fbeefc52919ce6a50a95e80eca04492d1734a8,org.apache.commons.collections4.MapUtilsTest,testIterableSortedMap,12,#12
commons-collections,d4fbeefc52919ce6a50a95e80eca04492d1734a8,org.apache.commons.collections4.MapUtilsTest,testLazyMapFactory,12,#12
commons-collections,d4fbeefc52919ce6a50a95e80eca04492d1734a8,org.apache.commons.collections4.MapUtilsTest,testLazyMapTransformer,12,#12
commons-collections,d4fbeefc52919ce6a50a95e80eca04492d1734a8,org.apache.commons.collections4.MapUtilsTest,testPopulateMap,12,#12
commons-collections,d4fbeefc52919ce6a50a95e80eca04492d1734a8,org.apache.commons.collections4.MapUtilsTest,testPredicatedMap,12,#12
commons-collections,d4fbeefc52919ce6a50a95e80eca04492d1734a8,org.apache.commons.collections4.MapUtilsTest,testVerbosePrint,12,#12
commons-collections,d4fbeefc52919ce6a50a95e80eca04492d1734a8,org.apache.commons.collections4.MapUtilsTest,testVerbosePrintNullKey,12,#12
commons-collections,d4fbeefc52919ce6a50a95e80eca04492d1734a8,org.apache.commons.collections4.MapUtilsTest,testVerbosePrintNullKeyToMap1,12,#12
commons-collections,d4fbeefc52919ce6a50a95e80eca04492d1734a8,org.apache.commons.collections4.MapUtilsTest,testVerbosePrintNullKeyToMap2,12,#12
commons-collections,d4fbeefc52919ce6a50a95e80eca04492d1734a8,org.apache.commons.collections4.MapUtilsTest,testVerbosePrintNullLabel,12,#12
commons-collections,d4fbeefc52919ce6a50a95e80eca04492d1734a8,org.apache.commons.collections4.MapUtilsTest,testVerbosePrintNullLabelAndMap,12,#12
commons-collections,d4fbeefc52919ce6a50a95e80eca04492d1734a8,org.apache.commons.collections4.MapUtilsTest,testVerbosePrintNullStream,12,#12
commons-collections,d4fbeefc52919ce6a50a95e80eca04492d1734a8,org.apache.commons.collections4.MapUtilsTest,testVerbosePrintSelfReference,12,#12
commons-collections,d4fbeefc52919ce6a50a95e80eca04492d1734a8,org.apache.commons.collections4.QueueUtilsTest,testEmptyQueue,12,#12
commons-collections,d4fbeefc52919ce6a50a95e80eca04492d1734a8,org.apache.commons.collections4.QueueUtilsTest,testPredicatedQueue,12,#12
commons-collections,d4fbeefc52919ce6a50a95e80eca04492d1734a8,org.apache.commons.collections4.QueueUtilsTest,testTransformedQueue,12,#12
commons-collections,d4fbeefc52919ce6a50a95e80eca04492d1734a8,org.apache.commons.collections4.QueueUtilsTest,testUnmodifiableQueue,12,#12
commons-collections,d4fbeefc52919ce6a50a95e80eca04492d1734a8,org.apache.commons.collections4.SetUtilsTest,testEmptyIfNull,12,#12
commons-collections,d4fbeefc52919ce6a50a95e80eca04492d1734a8,org.apache.commons.collections4.SetUtilsTest,testEquals,12,#12
commons-collections,d4fbeefc52919ce6a50a95e80eca04492d1734a8,org.apache.commons.collections4.SetUtilsTest,testHashCode,12,#12
commons-collections,d4fbeefc52919ce6a50a95e80eca04492d1734a8,org.apache.commons.collections4.SetUtilsTest,testpredicatedSet,12,#12
commons-collections,d4fbeefc52919ce6a50a95e80eca04492d1734a8,org.apache.commons.collections4.TrieUtilsTest,testUnmodifiableTrie,12,#12
commons-collections,eef8f1a0aa2bc6083dc5d0ed5458c830816c5bad,org.apache.commons.collections4.comparators.FixedOrderComparatorTest,testAddAsEqual,4,#4
commons-collections,eef8f1a0aa2bc6083dc5d0ed5458c830816c5bad,org.apache.commons.collections4.comparators.FixedOrderComparatorTest,testArrayConstructor,4,#4
commons-collections,eef8f1a0aa2bc6083dc5d0ed5458c830816c5bad,org.apache.commons.collections4.comparators.FixedOrderComparatorTest,testConstructorPlusAdd,4,#4
commons-collections,eef8f1a0aa2bc6083dc5d0ed5458c830816c5bad,org.apache.commons.collections4.comparators.FixedOrderComparatorTest,testListConstructor,4,#4
commons-collections,eef8f1a0aa2bc6083dc5d0ed5458c830816c5bad,org.apache.commons.collections4.comparators.FixedOrderComparatorTest,testLock,4,#4
commons-collections,eef8f1a0aa2bc6083dc5d0ed5458c830816c5bad,org.apache.commons.collections4.comparators.FixedOrderComparatorTest,testUnknownObjectBehavior,4,#4
commons-collections,eef8f1a0aa2bc6083dc5d0ed5458c830816c5bad,org.apache.commons.collections4.MultiMapUtilsTest,testEmptyIfNull,4,#4
commons-collections,eef8f1a0aa2bc6083dc5d0ed5458c830816c5bad,org.apache.commons.collections4.MultiMapUtilsTest,testGetCollection,4,#4
commons-collections,eef8f1a0aa2bc6083dc5d0ed5458c830816c5bad,org.apache.commons.collections4.MultiMapUtilsTest,testGetValuesAsBag,4,#4
commons-collections,eef8f1a0aa2bc6083dc5d0ed5458c830816c5bad,org.apache.commons.collections4.MultiMapUtilsTest,testGetValuesAsList,4,#4
commons-collections,eef8f1a0aa2bc6083dc5d0ed5458c830816c5bad,org.apache.commons.collections4.MultiMapUtilsTest,testGetValuesAsSet,4,#4
commons-collections,eef8f1a0aa2bc6083dc5d0ed5458c830816c5bad,org.apache.commons.collections4.MultiMapUtilsTest,testIsEmptyWithEmptyMap,4,#4
commons-collections,eef8f1a0aa2bc6083dc5d0ed5458c830816c5bad,org.apache.commons.collections4.MultiMapUtilsTest,testIsEmptyWithNonEmptyMap,4,#4
commons-collections,eef8f1a0aa2bc6083dc5d0ed5458c830816c5bad,org.apache.commons.collections4.TransformerUtilsTest,testMapTransformer,4,#4
commons-collections,eef8f1a0aa2bc6083dc5d0ed5458c830816c5bad,org.apache.commons.collections4.TransformerUtilsTest,testSwitchMapTransformer,4,#4
commons-collections,527213decc04c4b45393cd0f67e96cb7a67a8f66,org.apache.commons.collections4.set.ListOrderedSetTest,testDuplicates,66,#66
commons-collections,b5eb4fcc8d325810297f10c595961d4eee528ae0,org.apache.commons.collections4.TransformerUtilsTest,testIfTransformer,3,#3
commons-compress,b861b4f0e45135e737e1ec2a514d3051157c3c7b,org.apache.commons.compress.ArchiveUtilsTest,testIsEqual,66,#66
commons-compress,b861b4f0e45135e737e1ec2a514d3051157c3c7b,org.apache.commons.compress.ArchiveUtilsTest,testIsEqualWithNullWithPositive,66,#66
commons-compress,b861b4f0e45135e737e1ec2a514d3051157c3c7b,org.apache.commons.compress.ArchiveUtilsTest,testToAsciiBytes,66,#66
commons-compress,b861b4f0e45135e737e1ec2a514d3051157c3c7b,org.apache.commons.compress.ArchiveUtilsTest,testToAsciiStringThrowsStringIndexOutOfBoundsException,66,#66
commons-compress,b861b4f0e45135e737e1ec2a514d3051157c3c7b,org.apache.commons.compress.ArchiveUtilsTest,testToStringWithNonNull,66,#66
commons-compress,3466783d6e0c1f4ae6dc690a7ea808a9933cf004,org.apache.commons.compress.archivers.zip.Zip64SupportTest,read100KFilesGeneratedBy7ZIPUsingInputStream,66,#66
commons-compress,3466783d6e0c1f4ae6dc690a7ea808a9933cf004,org.apache.commons.compress.archivers.zip.Zip64SupportTest,read100KFilesGeneratedByJava7JarUsingInputStream,66,#66
commons-compress,3466783d6e0c1f4ae6dc690a7ea808a9933cf004,org.apache.commons.compress.archivers.zip.Zip64SupportTest,read100KFilesGeneratedByWinCFUsingInputStream,66,#66
commons-compress,3466783d6e0c1f4ae6dc690a7ea808a9933cf004,org.apache.commons.compress.archivers.zip.Zip64SupportTest,read100KFilesUsingInputStream,6,#6
commons-compress,31ac0e5f3594a4517ba2be1735b1219cf85c715a,org.apache.commons.compress.archivers.arj.CoverageTest,testCallLFHToString,66,#66
commons-compress,999821c2549e641bd9c9a223be04497982eebaca,org.apache.commons.compress.archivers.zip.Maven221MultiVolumeTest,testRead7ZipMultiVolumeArchiveForFile,59,#59
commons-compress,ffa1c55e7f9d8808e4e440effe78e31aa89a4ec1,org.apache.commons.compress.archivers.zip.BinaryTreeTest,testExceptions,66,#66
commons-compress,ffa1c55e7f9d8808e4e440effe78e31aa89a4ec1,org.apache.commons.compress.archivers.zip.ExplodeSupportTest,testConstructorThrowsExceptions,66,#66
commons-compress,ffa1c55e7f9d8808e4e440effe78e31aa89a4ec1,org.apache.commons.compress.archivers.zip.ExtraFieldUtilsTest,testParseCentral,66,#66
commons-compress,ffa1c55e7f9d8808e4e440effe78e31aa89a4ec1,org.apache.commons.compress.archivers.zip.StreamCompressorTest,testCreateDataOutputCompressor,66,#66
commons-compress,3f2c760a4eb82d880e62a03cb9450d9dcf2793f7,org.apache.commons.compress.archivers.zip.X5455_ExtendedTimestampTest,testGettersSetters,67,#67
commons-compress,3f2c760a4eb82d880e62a03cb9450d9dcf2793f7,org.apache.commons.compress.compressors.DetectCompressorTestCase,testOverride,67,#67
commons-compress,3f2c760a4eb82d880e62a03cb9450d9dcf2793f7,org.apache.commons.compress.compressors.Pack200TestCase,testBadSignature,67,#67
commons-compress,3f2c760a4eb82d880e62a03cb9450d9dcf2793f7,org.apache.commons.compress.compressors.Pack200TestCase,testGoodSignature,67,#67
commons-compress,3f2c760a4eb82d880e62a03cb9450d9dcf2793f7,org.apache.commons.compress.compressors.Pack200TestCase,testShortSignature,67,#67
commons-compress,742a3bfbb76f6f84140d684de92e9495475517e6,org.apache.commons.compress.archivers.zip.ZipArchiveEntryTest,testIsUnixSymlink,66,#66
commons-csv,70b782d6df8c1a2ecbafda76c34a976d2511d1e4,org.apache.commons.csv.CSVFormatTest,testEqualsLeftNoQuoteRightQuote,66,#66
commons-csv,70b782d6df8c1a2ecbafda76c34a976d2511d1e4,org.apache.commons.csv.CSVFormatTest,testEqualsNoQuotes,66,#66
commons-csv,70b782d6df8c1a2ecbafda76c34a976d2511d1e4,org.apache.commons.csv.CSVFormatTest,testEqualsQuotePolicy,78,#78
commons-csv,3c7019fe5356c979664a8e8eb7ab3d4b14f531bf,org.apache.commons.csv.CSVPrinterTest,testMySqlNullStringDefault,2,#2
commons-csv,9daee9042c931382219ba268c2ed79e8c6a740da,org.apache.commons.csv.CSVParserTest,testBOM,1,#1
commons-csv,9daee9042c931382219ba268c2ed79e8c6a740da,org.apache.commons.csv.CSVParserTest,testNewCSVParserReaderNullFormat,1,#1
commons-csv,9daee9042c931382219ba268c2ed79e8c6a740da,org.apache.commons.csv.CSVParserTest,testParseUrlCharsetNullFormat,1,#1
commons-csv,86ef75f808306d4dbbc63d900ec73dfa5ff74cad,org.apache.commons.csv.CSVParserTest,testBOM,16,#16
commons-dbcp,7055a9666d3d75a57032eaf430370518a417440b,org.apache.commons.dbcp2.cpdsadapter.TestDriverAdapterCPDS,testClosingWithUserName,12,#12
commons-dbcp,7055a9666d3d75a57032eaf430370518a417440b,org.apache.commons.dbcp2.cpdsadapter.TestDriverAdapterCPDS,testDbcp367,12,#12
commons-dbcp,7055a9666d3d75a57032eaf430370518a417440b,org.apache.commons.dbcp2.cpdsadapter.TestDriverAdapterCPDS,testIncorrectPassword,12,#12
commons-dbcp,7055a9666d3d75a57032eaf430370518a417440b,org.apache.commons.dbcp2.cpdsadapter.TestDriverAdapterCPDS,testSetProperties,12,#12
commons-dbcp,7055a9666d3d75a57032eaf430370518a417440b,org.apache.commons.dbcp2.cpdsadapter.TestDriverAdapterCPDS,testSimple,12,#12
commons-dbcp,7055a9666d3d75a57032eaf430370518a417440b,org.apache.commons.dbcp2.cpdsadapter.TestDriverAdapterCPDS,testSimpleWithUsername,12,#12
commons-dbcp,7055a9666d3d75a57032eaf430370518a417440b,org.apache.commons.dbcp2.datasources.TestKeyedCPDSConnectionFactory,testConnectionErrorCleanup,12,#12
commons-dbcp,7055a9666d3d75a57032eaf430370518a417440b,org.apache.commons.dbcp2.datasources.TestKeyedCPDSConnectionFactory,testSharedPoolDSDestroyOnReturn,12,#12
commons-dbcp,9ae844dbf476eba54ac52d9842cba0505c4c6666,org.apache.commons.dbcp2.managed.TestManagedDataSourceInTx,testNestedConnections,66,#66
commons-dbcp,97424dc1b7694e2807405a5974615e4dfa840d00,org.apache.commons.dbcp2.TestBasicDataSource,testConcurrentInvalidateBorrow,66,#66
commons-dbcp,6bcbadcc35c5f78cc04d6916beab6c5e10a1a016,org.apache.commons.dbcp2.TestDelegatingConnection,testIsClosedNullDelegate,66,#66
commons-dbutils,eee69c7acc92db7b77a8dd41703fb27c50913ae4,org.apache.commons.dbutils.DbUtilsTest,testCommitAndCloseQuietlyWithNullDoesNotThrowAnSQLException,66,#66
commons-dbutils,eee69c7acc92db7b77a8dd41703fb27c50913ae4,org.apache.commons.dbutils.DbUtilsTest,testLoadDriverReturnsFalse,66,#66
commons-dbutils,eee69c7acc92db7b77a8dd41703fb27c50913ae4,org.apache.commons.dbutils.QueryLoaderTest,testLoadThrowsIllegalArgumentException,66,#66
commons-dbutils,bdf0b337ea209c7e3fd7de52f4da3b1afa0678aa,org.apache.commons.dbutils.QueryLoaderTest,testLoad,50,#50
commons-email,03c478fe6b2e5935fd94c9e3617453ee6aeda250,org.apache.commons.mail.SimpleEmailTest,testDefaultMimeCharset,46,#46
commons-email,c869ef44a0ecf04af116b844fcd770f07092a67c,org.apache.commons.mail.EmailTest,testSendBadAuthSet,6,#6
commons-email,c869ef44a0ecf04af116b844fcd770f07092a67c,org.apache.commons.mail.EmailTest,testSendBadHostName,6,#6
commons-email,c869ef44a0ecf04af116b844fcd770f07092a67c,org.apache.commons.mail.EmailTest,testSendCorrectSmtpPortContainedInException,6,#6
commons-email,c869ef44a0ecf04af116b844fcd770f07092a67c,org.apache.commons.mail.EmailTest,testSendDestinationNotSet,6,#6
commons-email,c869ef44a0ecf04af116b844fcd770f07092a67c,org.apache.commons.mail.EmailTest,testSendFromNotSet,6,#6
commons-email,c869ef44a0ecf04af116b844fcd770f07092a67c,org.apache.commons.mail.EmailTest,testSendNoHostName,6,#6
commons-email,400c34347bc7c71af587abb09b03f0bddb935fa0,org.apache.commons.mail.EmailLiveTest,testSendingEmailsInBatch,14,#14
commons-email,e10cd6d55d8c63ddae7c7bd59c1c74cb3de68eb1,org.apache.commons.mail.EmailTest,testSetSmptPortNegative,6,#6
commons-email,e10cd6d55d8c63ddae7c7bd59c1c74cb3de68eb1,org.apache.commons.mail.EmailTest,testSetSmtpPortMinValue,6,#6
commons-email,e10cd6d55d8c63ddae7c7bd59c1c74cb3de68eb1,org.apache.commons.mail.EmailTest,testSetSmtpPortZero,6,#6
commons-email,a1521dba21d4ac2ea3150156ff7919a07266f1a3,org.apache.commons.mail.EmailTest,testAddBcc,54,#54
commons-email,a1521dba21d4ac2ea3150156ff7919a07266f1a3,org.apache.commons.mail.EmailTest,testAddBcc2,54,#54
commons-email,a1521dba21d4ac2ea3150156ff7919a07266f1a3,org.apache.commons.mail.EmailTest,testAddBccArray,54,#54
commons-email,a1521dba21d4ac2ea3150156ff7919a07266f1a3,org.apache.commons.mail.EmailTest,testAddBccBadEncoding,54,#54
commons-email,a1521dba21d4ac2ea3150156ff7919a07266f1a3,org.apache.commons.mail.EmailTest,testAddBccWithEncoding,54,#54
commons-email,a1521dba21d4ac2ea3150156ff7919a07266f1a3,org.apache.commons.mail.EmailTest,testAddCc,54,#54
commons-email,a1521dba21d4ac2ea3150156ff7919a07266f1a3,org.apache.commons.mail.EmailTest,testAddCc2,54,#54
commons-email,a1521dba21d4ac2ea3150156ff7919a07266f1a3,org.apache.commons.mail.EmailTest,testAddCcArray,54,#54
commons-email,a1521dba21d4ac2ea3150156ff7919a07266f1a3,org.apache.commons.mail.EmailTest,testAddCcBadEncoding,54,#54
commons-email,a1521dba21d4ac2ea3150156ff7919a07266f1a3,org.apache.commons.mail.EmailTest,testAddCcWithEncoding,54,#54
commons-email,a1521dba21d4ac2ea3150156ff7919a07266f1a3,org.apache.commons.mail.EmailTest,testAddHeader,54,#54
commons-email,a1521dba21d4ac2ea3150156ff7919a07266f1a3,org.apache.commons.mail.EmailTest,testAddHeaderEmptyName,54,#54
commons-email,a1521dba21d4ac2ea3150156ff7919a07266f1a3,org.apache.commons.mail.EmailTest,testAddHeaderEmptyValue,54,#54
commons-email,a1521dba21d4ac2ea3150156ff7919a07266f1a3,org.apache.commons.mail.EmailTest,testAddHeaderNullName,54,#54
commons-email,a1521dba21d4ac2ea3150156ff7919a07266f1a3,org.apache.commons.mail.EmailTest,testAddHeaderNullValue,54,#54
commons-email,a1521dba21d4ac2ea3150156ff7919a07266f1a3,org.apache.commons.mail.EmailTest,testAddReplyTo,54,#54
commons-email,a1521dba21d4ac2ea3150156ff7919a07266f1a3,org.apache.commons.mail.EmailTest,testAddReplyTo2,54,#54
commons-email,a1521dba21d4ac2ea3150156ff7919a07266f1a3,org.apache.commons.mail.EmailTest,testAddReplyToBadEncoding,54,#54
commons-email,a1521dba21d4ac2ea3150156ff7919a07266f1a3,org.apache.commons.mail.EmailTest,testAddReplyToWithEncoding,54,#54
commons-email,a1521dba21d4ac2ea3150156ff7919a07266f1a3,org.apache.commons.mail.EmailTest,testAddTo,54,#54
commons-email,a1521dba21d4ac2ea3150156ff7919a07266f1a3,org.apache.commons.mail.EmailTest,testAddTo2,54,#54
commons-email,a1521dba21d4ac2ea3150156ff7919a07266f1a3,org.apache.commons.mail.EmailTest,testAddToArray,54,#54
commons-email,a1521dba21d4ac2ea3150156ff7919a07266f1a3,org.apache.commons.mail.EmailTest,testAddToBadEncoding,54,#54
commons-email,a1521dba21d4ac2ea3150156ff7919a07266f1a3,org.apache.commons.mail.EmailTest,testAddToWithEncoding,54,#54
commons-email,a1521dba21d4ac2ea3150156ff7919a07266f1a3,org.apache.commons.mail.EmailTest,testCorrectContentTypeForPNG,54,#54
commons-email,a1521dba21d4ac2ea3150156ff7919a07266f1a3,org.apache.commons.mail.EmailTest,testDefaultCharsetAppliesToTextContent,54,#54
commons-email,a1521dba21d4ac2ea3150156ff7919a07266f1a3,org.apache.commons.mail.EmailTest,testDefaultCharsetCanBeOverriddenByContentType,54,#54
commons-email,a1521dba21d4ac2ea3150156ff7919a07266f1a3,org.apache.commons.mail.EmailTest,testDefaultCharsetIgnoredByNonTextContent,54,#54
commons-email,a1521dba21d4ac2ea3150156ff7919a07266f1a3,org.apache.commons.mail.EmailTest,testFoldingHeaders,54,#54
commons-email,a1521dba21d4ac2ea3150156ff7919a07266f1a3,org.apache.commons.mail.EmailTest,testGetSetAuthentication,54,#54
commons-email,a1521dba21d4ac2ea3150156ff7919a07266f1a3,org.apache.commons.mail.EmailTest,testGetSetAuthenticator,54,#54
commons-email,a1521dba21d4ac2ea3150156ff7919a07266f1a3,org.apache.commons.mail.EmailTest,testGetSetCharset,54,#54
commons-email,a1521dba21d4ac2ea3150156ff7919a07266f1a3,org.apache.commons.mail.EmailTest,testGetSetDebug,54,#54
commons-email,a1521dba21d4ac2ea3150156ff7919a07266f1a3,org.apache.commons.mail.EmailTest,testGetSetHostName,54,#54
commons-email,a1521dba21d4ac2ea3150156ff7919a07266f1a3,org.apache.commons.mail.EmailTest,testGetSetSentDate,54,#54
commons-email,a1521dba21d4ac2ea3150156ff7919a07266f1a3,org.apache.commons.mail.EmailTest,testGetSetSession,54,#54
commons-email,a1521dba21d4ac2ea3150156ff7919a07266f1a3,org.apache.commons.mail.EmailTest,testGetSetSmtpPort,54,#54
commons-email,a1521dba21d4ac2ea3150156ff7919a07266f1a3,org.apache.commons.mail.EmailTest,testSendBadAuthSet,54,#54
commons-email,a1521dba21d4ac2ea3150156ff7919a07266f1a3,org.apache.commons.mail.EmailTest,testSendBadHostName,54,#54
commons-email,a1521dba21d4ac2ea3150156ff7919a07266f1a3,org.apache.commons.mail.EmailTest,testSendCorrectSmtpPortContainedInException,54,#54
commons-email,a1521dba21d4ac2ea3150156ff7919a07266f1a3,org.apache.commons.mail.EmailTest,testSendDestinationNotSet,54,#54
commons-email,a1521dba21d4ac2ea3150156ff7919a07266f1a3,org.apache.commons.mail.EmailTest,testSendFromNotSet,54,#54
commons-email,a1521dba21d4ac2ea3150156ff7919a07266f1a3,org.apache.commons.mail.EmailTest,testSendNoHostName,54,#54
commons-email,a1521dba21d4ac2ea3150156ff7919a07266f1a3,org.apache.commons.mail.EmailTest,testSetBcc,54,#54
commons-email,a1521dba21d4ac2ea3150156ff7919a07266f1a3,org.apache.commons.mail.EmailTest,testSetBccEmpty,54,#54
commons-email,a1521dba21d4ac2ea3150156ff7919a07266f1a3,org.apache.commons.mail.EmailTest,testSetBccNull,54,#54
commons-email,a1521dba21d4ac2ea3150156ff7919a07266f1a3,org.apache.commons.mail.EmailTest,testSetCc,54,#54
commons-email,a1521dba21d4ac2ea3150156ff7919a07266f1a3,org.apache.commons.mail.EmailTest,testSetCcEmpty,54,#54
commons-email,a1521dba21d4ac2ea3150156ff7919a07266f1a3,org.apache.commons.mail.EmailTest,testSetCcNull,54,#54
commons-email,a1521dba21d4ac2ea3150156ff7919a07266f1a3,org.apache.commons.mail.EmailTest,testSetContentMimeMultipart,54,#54
commons-email,a1521dba21d4ac2ea3150156ff7919a07266f1a3,org.apache.commons.mail.EmailTest,testSetContentObject,54,#54
commons-email,a1521dba21d4ac2ea3150156ff7919a07266f1a3,org.apache.commons.mail.EmailTest,testSetFrom,54,#54
commons-email,a1521dba21d4ac2ea3150156ff7919a07266f1a3,org.apache.commons.mail.EmailTest,testSetFrom2,54,#54
commons-email,a1521dba21d4ac2ea3150156ff7919a07266f1a3,org.apache.commons.mail.EmailTest,testSetFromBadEncoding,54,#54
commons-email,a1521dba21d4ac2ea3150156ff7919a07266f1a3,org.apache.commons.mail.EmailTest,testSetFromWithEncoding,54,#54
commons-email,a1521dba21d4ac2ea3150156ff7919a07266f1a3,org.apache.commons.mail.EmailTest,testSetHeaderEmptyName,54,#54
commons-email,a1521dba21d4ac2ea3150156ff7919a07266f1a3,org.apache.commons.mail.EmailTest,testSetHeaderEmptyValue,54,#54
commons-email,a1521dba21d4ac2ea3150156ff7919a07266f1a3,org.apache.commons.mail.EmailTest,testSetHeaderNullName,54,#54
commons-email,a1521dba21d4ac2ea3150156ff7919a07266f1a3,org.apache.commons.mail.EmailTest,testSetHeaderNullValue,54,#54
commons-email,a1521dba21d4ac2ea3150156ff7919a07266f1a3,org.apache.commons.mail.EmailTest,testSetHeaders,54,#54
commons-email,a1521dba21d4ac2ea3150156ff7919a07266f1a3,org.apache.commons.mail.EmailTest,testSetPopBeforeSmtp,54,#54
commons-email,a1521dba21d4ac2ea3150156ff7919a07266f1a3,org.apache.commons.mail.EmailTest,testSetSmptPortNegative,54,#54
commons-email,a1521dba21d4ac2ea3150156ff7919a07266f1a3,org.apache.commons.mail.EmailTest,testSetSmtpPortMinValue,54,#54
commons-email,a1521dba21d4ac2ea3150156ff7919a07266f1a3,org.apache.commons.mail.EmailTest,testSetSmtpPortZero,54,#54
commons-email,a1521dba21d4ac2ea3150156ff7919a07266f1a3,org.apache.commons.mail.EmailTest,testSetSubject,54,#54
commons-email,a1521dba21d4ac2ea3150156ff7919a07266f1a3,org.apache.commons.mail.EmailTest,testSetTo,54,#54
commons-email,a1521dba21d4ac2ea3150156ff7919a07266f1a3,org.apache.commons.mail.EmailTest,testSetToEmpty,54,#54
commons-email,a1521dba21d4ac2ea3150156ff7919a07266f1a3,org.apache.commons.mail.EmailTest,testSetToNull,54,#54
commons-email,a1521dba21d4ac2ea3150156ff7919a07266f1a3,org.apache.commons.mail.EmailTest,testToInternetAddressArray,54,#54
commons-email,f6de5894b65de9ab6281e61254aca9fc7e981416,org.apache.commons.mail.SimpleEmailTest,testSend,18,#18
commons-email,cbdd2b393218c7fbaec5da4bcf03a17a5ef4912e,org.apache.commons.mail.EmailTest,testGetSetAuthenticator,15,#15
commons-email,a54e5d7387495d09521aedc26e5a72d9cbdad7a5,org.apache.commons.mail.SendWithAttachmentsTest,testSendNoAttachments,12,#12
commons-email,a54e5d7387495d09521aedc26e5a72d9cbdad7a5,org.apache.commons.mail.SendWithAttachmentsTest,testSendWAttachments,12,#12
commons-email,a54e5d7387495d09521aedc26e5a72d9cbdad7a5,org.apache.commons.mail.SimpleEmailTest,testGetSetMsg,12,#12
commons-email,a54e5d7387495d09521aedc26e5a72d9cbdad7a5,org.apache.commons.mail.SimpleEmailTest,testSend,12,#12
commons-email,78b9fdfc1e9b87257666d58bebb9d2570b26a77e,org.apache.commons.mail.EmailTest,testFoldingHeaders,12,#12
commons-email,78b9fdfc1e9b87257666d58bebb9d2570b26a77e,org.apache.commons.mail.EmailTest,testGetHeaders,12,#12
commons-email,8428304e652911c103e6273dc5b1f5704402a46e,org.apache.commons.mail.EmailLiveTest,testImageHtmlEmailRemote,14,#14
commons-email,4982e22131946845ecf3de868a0203cf4b8b6a8e,org.apache.commons.mail.EmailTest,testSetFrom2,15,#15
commons-email,3bac5d983bf630cda81aedb458027c0a538ecdd3,org.apache.commons.mail.EmailTest,testAddToBadEncoding,6,#6
commons-email,0a944fe3703fb754c7122a7de98396811781da24,org.apache.commons.mail.EmailUtilsTest,testUrlEncoding,14,#14
commons-exec,d8ed2f474751fc46c3599beea131fc1587dfb216,org.apache.commons.exec.issues.Exec57Test,testExecutionOfBackgroundProcess,66,#66
commons-net,6eda86daf5dc2668edf4e352b6eed7cbe0dff5e5,org.apache.commons.net.tftp.TFTPServerPathTest,testReadOnly,35,#35
commons-net,6eda86daf5dc2668edf4e352b6eed7cbe0dff5e5,org.apache.commons.net.tftp.TFTPServerPathTest,testWriteOnly,35,#35
commons-net,6eda86daf5dc2668edf4e352b6eed7cbe0dff5e5,org.apache.commons.net.tftp.TFTPServerPathTest,testWriteOutsideHome,35,#35
commons-net,afa886998bb8ea7efaa2ba1c4547dbf398cc86d8,org.apache.commons.net.ftp.parser.MVSFTPEntryParserTest,testDefaultPrecision,78,#78
commons-pool,b31beef04758645511a0e12ad46bed19bf6d2677,org.apache.commons.pool2.TestPoolUtils,testCheckRethrow,66,#66
commons-pool,b31beef04758645511a0e12ad46bed19bf6d2677,org.apache.commons.pool2.TestPoolUtils,testJavaBeanInstantiation,78,#78
commons-text,65f5889f501f784264606f0e087fe8afb653c40d,org.apache.commons.text.StrTokenizerTest,testStringTokenizerQuoteMatcher,66,#66
commons-text,65f5889f501f784264606f0e087fe8afb653c40d,org.apache.commons.text.StrTokenizerTest,testStringTokenizerStringMatcher,66,#66
commons-text,65f5889f501f784264606f0e087fe8afb653c40d,org.apache.commons.text.StrTokenizerTest,testStringTokenizerStrMatcher,66,#66
commons-text,79ef3cdf1a931531774da378209772dfc743d84a,org.apache.commons.text.AlphabetConverterTest,testCreateConverterFromCharsAndEquals,66,#66
commons-text,79ef3cdf1a931531774da378209772dfc743d84a,org.apache.commons.text.AlphabetConverterTest,testCreateConverterFromCharsOne,66,#66
commons-text,79ef3cdf1a931531774da378209772dfc743d84a,org.apache.commons.text.AlphabetConverterTest,testCreateConverterFromCharsWithNullAndNull,66,#66
commons-text,79ef3cdf1a931531774da378209772dfc743d84a,org.apache.commons.text.AlphabetConverterTest,testCreateConverterFromMapAndEquals,66,#66
commons-text,79ef3cdf1a931531774da378209772dfc743d84a,org.apache.commons.text.AlphabetConverterTest,testDecodeReturningNull,66,#66
commons-text,79ef3cdf1a931531774da378209772dfc743d84a,org.apache.commons.text.AlphabetConverterTest,testEquals,66,#66
commons-text,79ef3cdf1a931531774da378209772dfc743d84a,org.apache.commons.text.AlphabetConverterTest,testEqualsWithNull,66,#66
commons-text,79ef3cdf1a931531774da378209772dfc743d84a,org.apache.commons.text.similarity.LevenshteinDetailedDistanceTest,testApplyThrowsIllegalArgumentExceptionAndCreatesLevenshteinDetailedDistanceTakingInteger,66,#66
commons-text,79ef3cdf1a931531774da378209772dfc743d84a,org.apache.commons.text.similarity.LevenshteinDetailedDistanceTest,testApplyWithNull,66,#66
commons-text,79ef3cdf1a931531774da378209772dfc743d84a,org.apache.commons.text.similarity.LevenshteinDetailedDistanceTest,testCreatesLevenshteinDetailedDistanceTakingInteger6,66,#66
commons-text,79ef3cdf1a931531774da378209772dfc743d84a,org.apache.commons.text.similarity.LevenshteinDetailedDistanceTest,testGetDefaultInstanceOne,66,#66
commons-text,79ef3cdf1a931531774da378209772dfc743d84a,org.apache.commons.text.similarity.LevenshteinDetailedDistanceTest,testGetDefaultInstanceTwo,66,#66
commons-text,79ef3cdf1a931531774da378209772dfc743d84a,org.apache.commons.text.similarity.LevenshteinDetailedDistanceTest,testGetThreshold,66,#66
commons-text,79ef3cdf1a931531774da378209772dfc743d84a,org.apache.commons.text.similarity.LevenshteinDistanceTest,testApplyThrowsIllegalArgumentExceptionAndCreatesLevenshteinDistanceTakingInteger,66,#66
commons-text,79ef3cdf1a931531774da378209772dfc743d84a,org.apache.commons.text.similarity.LevenshteinDistanceTest,testGetThresholdDirectlyAfterObjectInstantiation,66,#66
commons-text,79ef3cdf1a931531774da378209772dfc743d84a,org.apache.commons.text.StrBuilderTest,testAppendTakingTwoAndThreeIntsThrowsStringIndexOutOfBoundsExceptionAndAppendTakingTwoAndThreeIntsThree,66,#66
commons-text,79ef3cdf1a931531774da378209772dfc743d84a,org.apache.commons.text.StrBuilderTest,testAppendTakingTwoAndThreeIntsWithZeroAndAppendTakingTwoAndThreeIntsThrowsStringIndexOutOfBoundsExceptionTwo,66,#66
commons-text,79ef3cdf1a931531774da378209772dfc743d84a,org.apache.commons.text.StrBuilderTest,testDeleteCharAtWithNegative,66,#66
commons-text,79ef3cdf1a931531774da378209772dfc743d84a,org.apache.commons.text.StrSubstitutorTest,testCreatesStrSubstitutorTakingStrLookupAndCallsReplaceTakingTwoAndThreeInts,66,#66
commons-text,79ef3cdf1a931531774da378209772dfc743d84a,org.apache.commons.text.StrSubstitutorTest,testLANG1055,78,#78
commons-text,79ef3cdf1a931531774da378209772dfc743d84a,org.apache.commons.text.StrSubstitutorTest,testReplaceInTakingStringBufferWithNonNull,66,#66
commons-text,79ef3cdf1a931531774da378209772dfc743d84a,org.apache.commons.text.StrSubstitutorTest,testReplaceInTakingStringBuilderWithNonNull,66,#66
commons-text,79ef3cdf1a931531774da378209772dfc743d84a,org.apache.commons.text.StrSubstitutorTest,testReplaceInTakingStringBuilderWithNull,66,#66
commons-text,79ef3cdf1a931531774da378209772dfc743d84a,org.apache.commons.text.StrSubstitutorTest,testReplaceInTakingTwoAndThreeIntsReturningFalse,66,#66
commons-text,79ef3cdf1a931531774da378209772dfc743d84a,org.apache.commons.text.StrSubstitutorTest,testReplaceTakingCharSequenceReturningNull,66,#66
commons-text,79ef3cdf1a931531774da378209772dfc743d84a,org.apache.commons.text.StrSubstitutorTest,testReplaceTakingThreeArgumentsThrowsNullPointerException,66,#66
commons-text,ccfb4562b71c5abf4ddf5f761b56acc90bdc4af2,org.apache.commons.text.RandomStringGeneratorTest,testBadMinAndMax,2,#2
commons-text,996b4beb4da188bf831079d31b24a5a36f149e73,org.apache.commons.text.AlphabetConverterTest,testEqualsWithNull,78,#78
commons-text,996b4beb4da188bf831079d31b24a5a36f149e73,org.apache.commons.text.AlphabetConverterTest,testEqualsWithSameObject,66,#66
commons-text,996b4beb4da188bf831079d31b24a5a36f149e73,org.apache.commons.text.similarity.FuzzyScoreTest,testGetLocale,66,#66
commons-text,996b4beb4da188bf831079d31b24a5a36f149e73,org.apache.commons.text.StringEscapeUtilsTest,testUnescapeJsonFoundBug_Issue_Text_100,66,#66
commons-text,996b4beb4da188bf831079d31b24a5a36f149e73,org.apache.commons.text.translate.LookupTranslatorTest,testFailsToCreateLookupTranslatorThrowsInvalidParameterException,66,#66
commons-text,996b4beb4da188bf831079d31b24a5a36f149e73,org.apache.commons.text.WordUtilsTest,testContainsAllWordsWithNull,66,#66
commons-text,998764ebe38113eb51e6850058ca01936625dd92,org.apache.commons.text.translate.NumericEntityUnescaperTest,testCreatesNumericEntityUnescaperOne,66,#66
commons-text,998764ebe38113eb51e6850058ca01936625dd92,org.apache.commons.text.translate.NumericEntityUnescaperTest,testCreatesNumericEntityUnescaperTwo,66,#66
commons-validator,f6ecda192c94f5ed4b4859ad041b8ecc775f874d,org.apache.commons.validator.routines.DomainValidatorTest,testIsIDNtoASCIIBroken,66,#66
commons-math,2f2a2ddaf6ac85da7cfcc5957614eeb880b795d3,org.apache.commons.math3.distribution.UniformIntegerDistributionTest,testPreconditionUpperBoundInclusive,66,#66
commons-math,306fa74602973d8e6a5d542d43b13c9630408288,org.apache.commons.math4.analysis.differentiation.FiniteDifferencesDifferentiatorTest,testBoundedSqrt,43,#43
commons-math,306fa74602973d8e6a5d542d43b13c9630408288,org.apache.commons.math4.analysis.differentiation.FiniteDifferencesDifferentiatorTest,testConstant,43,#43
commons-math,306fa74602973d8e6a5d542d43b13c9630408288,org.apache.commons.math4.analysis.differentiation.FiniteDifferencesDifferentiatorTest,testLinear,43,#43
commons-math,306fa74602973d8e6a5d542d43b13c9630408288,org.apache.commons.math4.analysis.differentiation.FiniteDifferencesDifferentiatorTest,testMatrixFunction,43,#43
commons-math,306fa74602973d8e6a5d542d43b13c9630408288,org.apache.commons.math4.analysis.differentiation.FiniteDifferencesDifferentiatorTest,testStepSizeUnstability,14,#14
commons-math,306fa74602973d8e6a5d542d43b13c9630408288,org.apache.commons.math4.analysis.differentiation.FiniteDifferencesDifferentiatorTest,testVectorFunction,43,#43
commons-math,4f2f94cd0435621a05f1db53aca6aacc3b7163b1,org.apache.commons.math3.analysis.differentiation.DerivativeStructureTest,testAbs,43,#43
commons-math,4f2f94cd0435621a05f1db53aca6aacc3b7163b1,org.apache.commons.math3.analysis.differentiation.DerivativeStructureTest,testAtan2,43,#43
commons-math,4f2f94cd0435621a05f1db53aca6aacc3b7163b1,org.apache.commons.math3.analysis.differentiation.DerivativeStructureTest,testExp,43,#43
commons-math,4f2f94cd0435621a05f1db53aca6aacc3b7163b1,org.apache.commons.math3.analysis.differentiation.DerivativeStructureTest,testLog,43,#43
commons-math,4f2f94cd0435621a05f1db53aca6aacc3b7163b1,org.apache.commons.math3.analysis.differentiation.DerivativeStructureTest,testSignum,43,#43
commons-math,7d57ff6d78f4edfb440cbca689c59cc60ca5c608,org.apache.commons.math3.distribution.MultivariateNormalMixtureModelDistributionTest,testNonUnitWeightSum,44,#44
commons-math,7d57ff6d78f4edfb440cbca689c59cc60ca5c608,org.apache.commons.math3.genetics.UniformCrossoverTest,testCrossoverDimensionMismatchException,44,#44
commons-math,7d57ff6d78f4edfb440cbca689c59cc60ca5c608,org.apache.commons.math3.genetics.UniformCrossoverTest,testCrossoverInvalidFixedLengthChromosomeFirst,44,#44
commons-math,7d57ff6d78f4edfb440cbca689c59cc60ca5c608,org.apache.commons.math3.genetics.UniformCrossoverTest,testCrossoverInvalidFixedLengthChromosomeSecond,44,#44
commons-math,237fe2a651c52389e1e57375b9588c1839ce3d5f,org.apache.commons.math3.distribution.WeibullDistributionTest,testAlpha,56,#56
commons-math,237fe2a651c52389e1e57375b9588c1839ce3d5f,org.apache.commons.math3.distribution.WeibullDistributionTest,testBeta,56,#56
commons-math,237fe2a651c52389e1e57375b9588c1839ce3d5f,org.apache.commons.math3.fitting.HarmonicFitterTest,testMath844,56,#56
commons-math,237fe2a651c52389e1e57375b9588c1839ce3d5f,org.apache.commons.math3.optimization.fitting.HarmonicFitterTest,testMath844,56,#56
commons-math,bae46709ecb13f80aaad0d279b3618ab83d09275,org.apache.commons.math3.complex.ComplexTest,testExpInf4,45,#45
commons-math,8a8ca83f25bffb9927f67469f2230ed0067d1256,org.apache.commons.math4.complex.ComplexTest,testEqualsTrue,78,#78
commons-math,8a8ca83f25bffb9927f67469f2230ed0067d1256,org.apache.commons.math4.complex.ComplexTest,testFloatingPointEqualsWithAllowedDeltaNaN,66,#66
commons-math,8a8ca83f25bffb9927f67469f2230ed0067d1256,org.apache.commons.math4.complex.ComplexTest,testFloatingPointEqualsWithRelativeTolerance,78,#78
commons-math,8a8ca83f25bffb9927f67469f2230ed0067d1256,org.apache.commons.math4.complex.ComplexTest,testFloatingPointEqualsWithRelativeToleranceNaN,66,#66
commons-math,0880a21c56cec1a2442b5123c3845bfc99e83a7f,org.apache.commons.math4.distribution.HypergeometricDistributionTest,testZeroTrial,66,#66
commons-math,12dfb2e92df5635709cd9092f5567c07357241d8,org.apache.commons.math3.linear.ArrayRealVectorTest,testDataInOut,9,#9
commons-math,3a87c22aeefd047d83964edfa76d4cc51b7c2536,org.apache.commons.math3.stat.correlation.SpearmansRankCorrelationTest,testCovarianceConsistency,2,#2
commons-math,3a87c22aeefd047d83964edfa76d4cc51b7c2536,org.apache.commons.math3.stat.correlation.SpearmansRankCorrelationTest,testLongly,2,#2
commons-math,3a87c22aeefd047d83964edfa76d4cc51b7c2536,org.apache.commons.math3.stat.correlation.SpearmansRankCorrelationTest,testStdErrorConsistency,2,#2
commons-math,3a87c22aeefd047d83964edfa76d4cc51b7c2536,org.apache.commons.math3.stat.correlation.SpearmansRankCorrelationTest,testSwiss,2,#2
commons-math,3a87c22aeefd047d83964edfa76d4cc51b7c2536,org.apache.commons.math3.stat.descriptive.ListUnivariateImplTest,testN0andN1Conditions,2,#2
commons-math,3a87c22aeefd047d83964edfa76d4cc51b7c2536,org.apache.commons.math3.stat.descriptive.ListUnivariateImplTest,testProductAndGeometricMean,2,#2
commons-math,3a87c22aeefd047d83964edfa76d4cc51b7c2536,org.apache.commons.math3.stat.regression.GLSMultipleLinearRegressionTest,testGLSEfficiency,2,#2
commons-math,3a87c22aeefd047d83964edfa76d4cc51b7c2536,org.apache.commons.math3.stat.regression.GLSMultipleLinearRegressionTest,testGLSOLSConsistency,2,#2
commons-math,3a87c22aeefd047d83964edfa76d4cc51b7c2536,org.apache.commons.math3.stat.StatUtilsTest,testN0andN1Conditions,2,#2
commons-math,573c806be0a515d368cbbd81384520bb98662919,org.apache.commons.math3.optim.linear.SimplexSolverTest,testMath930,66,#66
commons-math,573c806be0a515d368cbbd81384520bb98662919,org.apache.commons.math3.optim.linear.SimplexSolverTest,testSimplexSolver,78,#78
commons-math,74806d2e06cc219b11cb620fdd5d603d5b6121dd,org.apache.commons.math3.geometry.euclidean.threed.Vector3DTest,testEquals,12,#12
commons-math,74806d2e06cc219b11cb620fdd5d603d5b6121dd,org.apache.commons.math3.geometry.euclidean.threed.Vector3DTest,testNaN,66,#66
commons-math,74806d2e06cc219b11cb620fdd5d603d5b6121dd,org.apache.commons.math3.geometry.euclidean.threed.Vector3DTest,testNegate,66,#66
commons-math,74806d2e06cc219b11cb620fdd5d603d5b6121dd,org.apache.commons.math3.geometry.euclidean.threed.Vector3DTest,testNormSq,66,#66
commons-math,74806d2e06cc219b11cb620fdd5d603d5b6121dd,org.apache.commons.math3.geometry.euclidean.threed.Vector3DTest,testSpace,66,#66
commons-math,74806d2e06cc219b11cb620fdd5d603d5b6121dd,org.apache.commons.math3.geometry.euclidean.threed.Vector3DTest,testZero,66,#66
commons-math,0dec6e76fb544fa3e8bf5fd17f16314735971dd7,org.apache.commons.math3.distribution.AbstractIntegerDistributionTest,testCumulativeProbabilitiesSingleArguments,78,#78
commons-math,0dec6e76fb544fa3e8bf5fd17f16314735971dd7,org.apache.commons.math3.distribution.AbstractIntegerDistributionTest,testInverseCumulativeProbabilityMethod,66,#66
commons-math,290224dce3adbff4b6ec898ab9323ea9661f68d8,org.apache.commons.math3.linear.RealVectorTest,testGetSubVector,66,#66
commons-math,290224dce3adbff4b6ec898ab9323ea9661f68d8,org.apache.commons.math3.linear.RealVectorTest,testGetSubVectorInvalidIndex1,66,#66
commons-math,290224dce3adbff4b6ec898ab9323ea9661f68d8,org.apache.commons.math3.linear.RealVectorTest,testGetSubVectorInvalidIndex2,66,#66
commons-math,290224dce3adbff4b6ec898ab9323ea9661f68d8,org.apache.commons.math3.linear.RealVectorTest,testGetSubVectorInvalidIndex3,66,#66
commons-math,290224dce3adbff4b6ec898ab9323ea9661f68d8,org.apache.commons.math3.linear.RealVectorTest,testGetSubVectorInvalidIndex4,66,#66
commons-math,2962744c710608bcd27eec8402335ca54a81fc9f,org.apache.commons.math3.analysis.differentiation.DerivativeStructureTest,testCopySign,66,#66
commons-math,2962744c710608bcd27eec8402335ca54a81fc9f,org.apache.commons.math3.analysis.differentiation.DerivativeStructureTest,testHypotNeglectible,66,#66
commons-math,2962744c710608bcd27eec8402335ca54a81fc9f,org.apache.commons.math3.analysis.differentiation.DerivativeStructureTest,testHypotSpecial,66,#66
commons-math,2962744c710608bcd27eec8402335ca54a81fc9f,org.apache.commons.math3.analysis.differentiation.DerivativeStructureTest,testPrimitiveRemainder,78,#78
commons-math,43e4049d59539c375f1269fc8187456e39e88453,org.apache.commons.math3.stat.FrequencyTest,testNonComparableCumPct,66,#66
commons-math,43e4049d59539c375f1269fc8187456e39e88453,org.apache.commons.math3.stat.FrequencyTest,testNonComparablePct,66,#66
commons-math,8d8ede74b556b5d6d72ca98c2a48e0441b488b0f,org.apache.commons.math3.linear.RealVectorTest,testBasicFunctions,78,#78
commons-math,e875e6d59875be86fb8de8df7642c370b652eb76,org.apache.commons.math3.util.ResizableDoubleArrayTest,testAddElements,33,#33
commons-math,e875e6d59875be86fb8de8df7642c370b652eb76,org.apache.commons.math3.util.ResizableDoubleArrayTest,testEqualsAndHashCode,33,#33
commons-math,e875e6d59875be86fb8de8df7642c370b652eb76,org.apache.commons.math3.util.ResizableDoubleArrayTest,testSetElementArbitraryExpansion2,33,#33
commons-math,e875e6d59875be86fb8de8df7642c370b652eb76,org.apache.commons.math3.util.ResizableDoubleArrayTest,testWithInitialCapacityAndExpansionFactor,33,#33
commons-math,49bb370a6c6a0d330f17a6c8eebb113103b4c878,org.apache.commons.math4.linear.MatrixUtilsTest,testSolveLowerTriangularSystem,14,#14
commons-math,49bb370a6c6a0d330f17a6c8eebb113103b4c878,org.apache.commons.math4.optim.univariate.BrentOptimizerTest,testBoundaries,14,#14
commons-math,30b9f935e7ea56026e5c5347e897df52a3ad18a7,org.apache.commons.math3.stat.descriptive.moment.FirstMomentTest,testSpecialValues,66,#66
commons-math,51cb31ef21f879220b8fa20e37bae15bfb2c4d21,org.apache.commons.math4.dfp.DfpTest,testEqualsHashcodeContract,66,#66
commons-math,a14acdf6395f588dda7597bb4c7810dacaa503d2,org.apache.commons.math3.stat.regression.SimpleRegressionTest,testPerfect2,45,#45
commons-math,a9889607c1a94c5c24b80214ee84ce0358bdde25,org.apache.commons.math3.linear.RealVectorTest,testEbeDivideDimensionMismatch,66,#66
commons-math,a9889607c1a94c5c24b80214ee84ce0358bdde25,org.apache.commons.math3.linear.RealVectorTest,testEbeDivideMixedTypes,66,#66
commons-math,a9889607c1a94c5c24b80214ee84ce0358bdde25,org.apache.commons.math3.linear.RealVectorTest,testEbeDivideSameType,66,#66
commons-math,a9889607c1a94c5c24b80214ee84ce0358bdde25,org.apache.commons.math3.linear.RealVectorTest,testEbeMultiplyDimensionMismatch,66,#66
commons-math,a9889607c1a94c5c24b80214ee84ce0358bdde25,org.apache.commons.math3.linear.RealVectorTest,testEbeMultiplyMixedTypes,66,#66
commons-math,a9889607c1a94c5c24b80214ee84ce0358bdde25,org.apache.commons.math3.linear.RealVectorTest,testEbeMultiplySameType,66,#66
commons-math,f4e9bfe99faf9cd8a1d3cf9d1cc86df706b347bd,org.apache.commons.math3.dfp.DfpTest,testSpecialConstructors,66,#66
commons-math,5e6f4f18ff315825284d697adc1d721983da8693,org.apache.commons.math3.stat.regression.SimpleRegressionTest,testPerfect2,66,#66
commons-math,6a8ba1fecb47e5ffd5387654d0cdb7c372ccdc9d,org.apache.commons.math3.stat.descriptive.DescriptiveStatisticsTest,testToString,78,#78
commons-math,6fb504f32701ea74087559518ecf54bc8ac6ab1b,org.apache.commons.math3.analysis.integration.IterativeLegendreGaussIntegratorTest,testNormalDistributionWithLargeSigma,66,#66
commons-math,8d609db47fba6c1c163c14a6c40e66bac4d94df9,org.apache.commons.math3.analysis.differentiation.DerivativeStructureTest,testExpression,78,#78
commons-math,e3c4637e19acca0b3cab18e5ecbdb6e8d3210400,org.apache.commons.math3.linear.EigenDecompositionTest,testSquareRootNonPositiveDefinite,75,#75
commons-math,e3c4637e19acca0b3cab18e5ecbdb6e8d3210400,org.apache.commons.math3.linear.EigenDecompositionTest,testSquareRootNonSymmetric,75,#75
commons-math,a1469c73be56561f4488d4f0835b8e75f5f297c1,org.apache.commons.math3.linear.RealVectorTest,testSetSubVectorInvalidIndex1,66,#66
commons-math,a1469c73be56561f4488d4f0835b8e75f5f297c1,org.apache.commons.math3.linear.RealVectorTest,testSetSubVectorInvalidIndex2,66,#66
commons-math,a1469c73be56561f4488d4f0835b8e75f5f297c1,org.apache.commons.math3.linear.RealVectorTest,testSetSubVectorInvalidIndex3,66,#66
commons-math,a1469c73be56561f4488d4f0835b8e75f5f297c1,org.apache.commons.math3.linear.RealVectorTest,testSetSubVectorMixedType,66,#66
commons-math,a1469c73be56561f4488d4f0835b8e75f5f297c1,org.apache.commons.math3.linear.RealVectorTest,testSetSubVectorSameType,66,#66
commons-math,afcfbf57b993aa96a3697e3869679894e8f460bd,org.apache.commons.math4.stat.regression.GLSMultipleLinearRegressionTest,testNewSample2,14,#14
commons-math,2edd83f5f5009f3ceba55f45d17b351effe65414,org.apache.commons.math3.geometry.euclidean.threed.Vector3DTest,testEquals,66,#66
commons-math,2edd83f5f5009f3ceba55f45d17b351effe65414,org.apache.commons.math3.geometry.euclidean.threed.Vector3DTest,testHash,66,#66
commons-math,2edd83f5f5009f3ceba55f45d17b351effe65414,org.apache.commons.math3.geometry.euclidean.threed.Vector3DTest,testInfinite,66,#66
commons-math,2edd83f5f5009f3ceba55f45d17b351effe65414,org.apache.commons.math3.geometry.euclidean.threed.Vector3DTest,testToString,66,#66
commons-math,3e8cbfa5c99b8abf82f472f9a63c9b7a51abed1d,org.apache.commons.math3.linear.RealVectorTest,testGetL1Norm,66,#66
commons-math,3e8cbfa5c99b8abf82f472f9a63c9b7a51abed1d,org.apache.commons.math3.linear.RealVectorTest,testGetLInfNorm,66,#66
commons-math,3a7519fcb190a096f4f00b9da357f79acd517bc7,org.apache.commons.math3.stat.regression.OLSMultipleLinearRegressionTest,testNoDataNPECalculateBeta,66,#66
commons-math,3a7519fcb190a096f4f00b9da357f79acd517bc7,org.apache.commons.math3.stat.regression.OLSMultipleLinearRegressionTest,testNoDataNPECalculateHat,66,#66
commons-math,3a7519fcb190a096f4f00b9da357f79acd517bc7,org.apache.commons.math3.stat.regression.OLSMultipleLinearRegressionTest,testNoDataNPESSTO,66,#66
commons-math,3a7519fcb190a096f4f00b9da357f79acd517bc7,org.apache.commons.math3.stat.regression.OLSMultipleLinearRegressionTest,testNoSSTOCalculateRsquare,66,#66
commons-math,3a7519fcb190a096f4f00b9da357f79acd517bc7,org.apache.commons.math3.stat.regression.OLSMultipleLinearRegressionTest,testSingularCalculateBeta,66,#66
commons-math,b69e6ca5c1a74f5a5646df240bea701922caef83,org.apache.commons.math3.util.MathArraysTest,testSortInPlace,78,#78
commons-math,cedf0d27f9e9341a9e9fa8a192735a0c2e11be40,org.apache.commons.math3.distribution.MultivariateNormalDistributionTest,testUnivariateDistribution,66,#66
commons-math,48dde3784e22e6cf886521e7ae17a327a461688e,org.apache.commons.math3.analysis.differentiation.DerivativeStructureTest,testSinhDefinition,78,#78
commons-math,534c5fe89f6bfced4db2a991f9d1e5650e43b8d8,org.apache.commons.math3.linear.RealVectorTest,testIsInfinite,21,#21
commons-math,76f154179b8dc6940355d7fe7db468314ca39e84,org.apache.commons.math3.stat.inference.MannWhitneyUTestTest,testBigDataSetOverflow,66,#66